6552222614033531396_!_113_!_news_world_!_已成为美俄刀俎上的鱼肉，乌克兰的出路到底在哪里？_!_原苏联,乌东,俄罗斯,乌克兰,波罗申科_!_1_!_1
6552247304252817928_!_101_!_news_culture_!_除了黄蓉和华筝外，射雕中还有一女子喜欢郭靖，这位女子是谁？_!_秦南琴,秦老汉,华筝,郭靖,黄蓉_!_1_!_1
6552372515916743181_!_108_!_news_edu_!_京津冀协同推进民族教育 将全面提升三地民族教育整体水平_!_民族教育,协同推进民族,蒙古骏马,国之新角,京疆丝路情,京津冀,地坛公园,民族团结,二魁摔跤,贡布酒歌_!_1_!_1
6552331791074591240_!_107_!_news_car_!_奇瑞风云2号Coupe，国产版“马自达MX5”_!_奇瑞,Coupe,ACTECO,马自达,风云2,奇瑞风云2_!_2_!_1
6547963931472691716_!_100_!_news_story_!_兴唐126：宇文成都是天下第二，他弟弟武艺如何？单雄信一招败北_!_瓦岗军,邱瑞,单雄信,秦琼,宇文成祥_!_8_!_1
6552423988277019144_!_107_!_news_car_!_启辰终于爆发！全新SUV比路虎揽胜更有气势，下一个比亚迪无疑_!_三大件,比亚迪,T90,启辰,路虎,路虎揽胜_!_4_!_1
6552828719386329604_!_109_!_news_tech_!_单车需求量大幅下滑？上海凤凰称与ofo合作订单只完成37%_!_战略合作协议,凤凰自行车,阿里巴巴,上海凤凰,高速发展,共享单车_!_7_!_1
6552269216773308935_!_104_!_news_finance_!_没有投资谷歌和亚马逊，巴菲特“认错”，但称并没有为此后悔_!_谷歌,亚马逊,巴菲特,伯克希尔·哈撒韦,沃伦·巴菲特_!_10_!_1
6552421539046752772_!_102_!_news_entertainment_!_陈妍希，肉肉的小龙女，你喜欢吗_!_小龙女陈妍希,小龙女,肉肉,陈妍希_!_10_!_1
6552460187268022791_!_110_!_news_military_!_俄叙两国默契配合 发射导弹直接击沉“美舰” 什么情况？_!_叙利亚,军事装备,实弹演习,舰艇,俄罗斯_!_3_!_1
6522445310311006723_!_116_!_news_game_!_QQ飞车：越南服最厉害的卡漂玩家，甜心大教堂还可以这么跑！_!_QQ飞车,越南,卡漂玩家,qq飞车,大教堂_!_0_!_1
6552442565172396547_!_103_!_news_sports_!_意甲第36轮 乌迪内斯完败国际米兰 颜面全无_!_拉菲尼亚,乌迪内斯,巴莱罗,达尼洛,国际米兰_!_8_!_1
6552323431143047683_!_106_!_news_house_!_中山东凤镇万科地产_!_中山,万科,万科地产,东凤镇_!_4_!_1
6552309226646012429_!_108_!_news_edu_!_揭秘西安重点名校宏志班、宏志对等班、爱心班、珍珠班等招生内幕_!_宏志,宏志生,城六区,交大附中,宏志班_!_3_!_1
6552410378381296141_!_106_!_news_house_!_碧桂园中环荟破格而生，力挺成都青年！_!_碧桂园·,碧桂园,SPACE,环荟,力挺成都青年_!_3_!_1
6552394308379476487_!_102_!_news_entertainment_!_追剧党看过来：vivo Y85与小米6X谁才是真正的影音之王？_!_AAC,MIDI,复联3,vivo Y85,独孤天下,小米6X,AMR_!_9_!_1
6514797594613383438_!_108_!_news_edu_!_南阳为何要拒绝中国科技大学选址落户南阳？_!_五七指示,纪登奎,安徽,河南,中国科技大学,杨廷宝_!_4_!_1
6552330770533319176_!_107_!_news_car_!_奥迪A6L慌乱了，死敌直降5万，销量超奔驰E级，40万成老板首选_!_B47,B48,Steptronic,奔驰E级,B58,宝马7系,A6L,宝马5系,豪华车,奥迪A6L,奥迪_!_2_!_1
6553849407429673480_!_116_!_news_game_!_跟C罗做队友！皇马正式进军中国电竞！银河战舰将参加下赛季FSL_!_皇家马德里,C罗,皇马电竞战队,银河战舰,体育竞技_!_3_!_1
6552448524540183043_!_115_!_news_agriculture_!_湖南省常德市桃源县农村三层别墅高端现代创意别墅外观更精美_!_桃源县,创意别墅外观,层别墅高端,精美湖南省常德市桃源县农村,湖南省_!_6_!_1
6552362303491146254_!_109_!_news_tech_!_该小米用户假装回复雷军：创达是谁，创达为什么而奋斗_!_网络营销,雷军,互联网,小米,营销策划_!_0_!_1
6553030649190547975_!_109_!_news_tech_!_创维收购德国公司研发出柔性显示屏，薄如蝉翼，可任意卷曲_!_德国,显示屏,创维_!_3_!_1
6552377026827780621_!_107_!_news_car_!_上汽大众全新朗逸Plus淮安翔盛到店实拍_!_全新朗逸,USB接口,朗逸,朗逸Plus_!_5_!_1
6552453556975174147_!_103_!_news_sports_!_詹姆斯压哨绝杀！猛龙主教练懵了，德罗赞傻了，洛瑞：我很孤独！_!_猛龙,德罗赞,洛瑞,詹姆斯,巴克利_!_3_!_1
6552348057415975427_!_113_!_news_world_!_英外交大臣启程赴美，力劝特朗普勿“毁掉”伊核协议_!_英国外交大臣,特朗普,特蕾莎,伊朗,鲍里斯_!_4_!_1
6552367509599683075_!_107_!_news_car_!_哈弗H9再升级，还要啥普拉多，仪表盘由双炮筒式更改为一体式设计_!_北京车展,QQ音乐,哈弗,哈弗H9,苹果手机,哈弗h9_!_1_!_1
6552477842326684167_!_110_!_news_military_!_欧洲6代机？这是中美俄隐身战机大杂烩！_!_战斗机,隐身战机,F22,欧洲,歼20_!_1_!_1
6552455066618429956_!_103_!_news_sports_!_中超9轮后最新积分榜：上海上港和山东鲁能同分领跑 广州恒大第4_!_广州恒大,长春亚泰,天津泰达,山东鲁能,河南建业_!_7_!_1
6552316051219022349_!_103_!_news_sports_!_温格主场能否完美谢幕？来看看博彩公司的意图！_!_温格,伯恩利,勒沃库森,欧联杯,阿森纳_!_0_!_1
6552389808654647821_!_112_!_news_travel_!_如果你是新手，想骑行西藏318国道，选择自行车应避免这几个雷区_!_自行车,美利达,骑行,捷安特,山地车_!_10_!_1
6543703077810078216_!_100_!_news_story_!_宣城中心医院门口发现摩拜单车，谁知道它怎么来的宣城_!_医院,摩拜单车,宣城市,宣城_!_10_!_1
6551717707065065987_!_110_!_news_military_!_对抗美国 还向中韩求助 日本开始“亲华反美”？_!_日本,美国_!_2_!_1
6553189645377602061_!_115_!_news_agriculture_!_「奋斗在淄博 媒体在行动」山东省劳动模范黄茜：科技兴农 助推三千农户精准脱贫_!_黄茜,植物克隆,克隆苗,山东省,劳动模范_!_1_!_1
6552477935314403843_!_112_!_news_travel_!_去云南的话，忘记大理和丽江吧，这个地方才是云南真正的世外桃源_!_云南,普者黑,世外桃源,丽江,彝族语_!_1_!_1
6552450173061038596_!_106_!_news_house_!_「当代MOM上品湾」广深港高铁运行，大亚湾到香港最快一小时_!_广深港高铁,大亚湾,西九龙总站,惠州,香港_!_4_!_1
6552460846201569805_!_110_!_news_military_!_钓鱼岛争端再起，日本舰队安装这款设备，对中国舰队威胁更大_!_日本产经新闻,日本当局,钓鱼岛海域,解放军,钓鱼岛_!_10_!_1
6552467129654837774_!_107_!_news_car_!_西安大唐不夜城，如今变成诗歌一条街，引人入胜_!_大雁塔,捏面人,大唐不夜城,机器人_!_5_!_1
6552292908823740936_!_102_!_news_entertainment_!_李诞说错话，何炅刘宪华满脸尴尬，张绍刚黑脸：少说话多吃东西！_!_哎哎哎,何炅,说错话,黄磊,张绍刚_!_4_!_1
6552490667568792068_!_107_!_news_car_!_日产本田思域撞翻路边栏杆冲进花园 网友：日产汽车终于长脸了_!_小轿车,本田思域,本田汽车,汽车行业,日产汽车_!_2_!_1
6552398712780358158_!_113_!_news_world_!_中国驻印度尼西亚大使撰文高度评价中印尼关系_!_印度尼西亚,印尼关系,习近平,李克强,战略伙伴关系_!_8_!_1
6552280932433265156_!_103_!_news_sports_!_克服伤病，朱婷关键分给力助瓦基弗银行进军决赛_!_古德蒂,瓦基弗银行,利亚诺,决胜局,朱婷_!_5_!_1
6552128662248882701_!_110_!_news_military_!_美B52轰炸机机抵近中国海岸，中国专家：使用防空导弹将其击毁_!_轰炸机,AGM-86,S-400,战机,东沙群岛,B-52,空军,歼-10,歼-11,歼-20_!_5_!_1
6525279587553772035_!_101_!_news_culture_!_《红楼梦》：林如海为何送林黛玉去贾府，而不是留在自己身边？_!_林如海,红楼梦,林妹妹,林黛玉,外祖母,黛玉_!_8_!_1
6552308135275528712_!_113_!_news_world_!_苹果HomePod或将很快登陆德国/法国/日本_!_苹果,法国,日本,Siri,HomePod_!_1_!_1
6543758118407373319_!_108_!_news_edu_!_与清华北大无缘的非学霸男孩，竟被哈佛50万全奖录取！_!_哈佛大学,斯坦福,高中社会实践活动,清华北大,哈佛,黄瑞杰_!_3_!_1
6423135627981619458_!_115_!_news_agriculture_!_为什么现在农村人很少到广州等地打工，反而转战江苏浙江？_!_一窝蜂,浙江,农村,江苏,广州_!_0_!_1
6552326282024059405_!_104_!_news_finance_!_巴菲特股东大会：关于中国，巴菲特、芒格说了这些_!_投资中国,巴菲特,经济体系,美国运通,奥马哈,芒格,中石化,贸易战_!_8_!_1
6552268368726983172_!_109_!_news_tech_!_突然！腾讯王卡拉黑阿里！_!_阿里小号,阿里,亲情号码,腾讯_!_2_!_1
6552267332171858435_!_115_!_news_agriculture_!_中国乡村天津上榜村：武清灰锅口村、北辰双街村_!_天津市,双街镇,北辰区,双街村,灰锅口村_!_2_!_1
6552351206654607880_!_101_!_news_culture_!_黄药师的师傅到底是谁？金庸在新修版中揭开了秘密，居然是她！_!_段誉,射雕英雄传,黄药师,逍遥派,王语嫣,天龙八部,桃花岛_!_2_!_1
6552379716077093390_!_108_!_news_edu_!_张绍东：武汉大学新时期本科教育改革，一切以学生发展为中心_!_人才培养,武汉大学,张绍东,教学,通识教育_!_2_!_1
6552310018610299399_!_107_!_news_car_!_翼虎高速遭雪佛兰迈锐宝追尾，网友，同是美系车，没对比就没伤害_!_迈锐宝,福特翼虎,追尾,起亚K5,美系车,现代索纳塔,雪佛兰,雪佛兰迈锐宝_!_9_!_1
6552340520507539972_!_110_!_news_military_!_苏联海军心目中的英雄，强大红色海军缔造者，另敌人敬佩不已_!_美国海军,戈尔什科夫,巡洋舰,苏联海军,黑海舰队_!_0_!_1
6553101732530881038_!_115_!_news_agriculture_!_麦秀林场为青海唯一的紫果云杉育苗基地_!_全国十佳林场,麦秀,紫果云杉,林场,三江源_!_8_!_1
6552410356893876739_!_108_!_news_edu_!_北大校长读错字道歉，王思聪高晓松不买账_!_北大,林建华,高晓松,北大校长,北京大学_!_6_!_1
6552466588677702147_!_106_!_news_house_!_龙湖、融侨12.35亿重庆摘地 第十座“天街”或落子龙兴_!_容积率,二类居住用地,龙湖,两江新区,御临河_!_3_!_1
6552325953148682760_!_110_!_news_military_!_以军空袭惹恼俄罗斯 卫星侦察驻敘俄军新动向 以总理急忙出访俄国_!_以色列,导弹,内塔尼亚胡,叙利亚,俄罗斯,F15,S-300_!_2_!_1
6552342691722560013_!_113_!_news_world_!_柬环保部否认金边空气受污染说法_!_金边,空气污染,柬埔寨_!_1_!_1
6552055123923698179_!_116_!_news_game_!_成都51节A-3漫展（新会展中心）返图图集_!_游戏,漫展_!_8_!_1
6553030854803718660_!_115_!_news_agriculture_!_宿迁市湖滨新区建设国内一流河蟹基地_!_渔业产业园,文海,皂河镇,湖滨新区,宿迁市_!_7_!_1
6552441672309932547_!_107_!_news_car_!_首辆长安换代CS35已上路，颜值力压宝骏510，不足7万合资车都急了_!_CS55,长安汽车,CS35,宝骏510,长安,长安CS35,宝骏,CS75_!_4_!_1
6553038849335886349_!_106_!_news_house_!_栾城区福美小区F区规划曝光 建11栋住宅楼_!_房产,F-11,容积率,福美_!_10_!_1
6552403606388081160_!_116_!_news_game_!_英雄联盟：身材最好的4位女英雄，琴女排第二，第一名如花似玉_!_英雄联盟,阿卡丽,九尾妖狐,女英雄_!_8_!_1
6547179877118771719_!_108_!_news_edu_!_贵州：最后的洞中小学_!_东方IC,水塘镇,贵州省,洞小学,紫云县_!_6_!_1
6553194145484112387_!_116_!_news_game_!_直击第二届杜艾鸭子节丨世界玩商联盟手游动漫圈现场发回报道_!_手游,东方IC,东方ic,悬而未决,动漫圈_!_1_!_1
6552270383267971587_!_112_!_news_travel_!_旅游旺季西安多个交通站点黑车扎堆 北站到大雁塔竟要价200多_!_蹦蹦车,西安北站,五一,皂河站,出站口,地铁口,青龙寺_!_0_!_1
6514096967126089992_!_106_!_news_house_!_09年在上海买了房子，现在人在温州工作没有房子，把上海房子卖了买温州的可以吗？_!_房产,上海,买房,温州_!_7_!_1
6552247676983837198_!_113_!_news_world_!_缅甸帕敢矿区再发山体滑坡 已致至少12人死亡_!_克钦邦,遇难者,缅甸,山体滑坡,帕敢_!_1_!_1
6552416835738796551_!_113_!_news_world_!_韩媒：韩朝扩音喊话设备拆除完毕_!_坡州市,喊话设备,韩半岛,扩音喊话,韩联社,板门店宣言_!_1_!_1
6532416320737116685_!_101_!_news_culture_!_贾赦的一大作为，直接暗示了王夫人不得不迁就赵姨娘的悲哀_!_贾政,王夫人,尤二姐,王熙凤,赵姨娘_!_3_!_1
6532806036028391940_!_110_!_news_military_!_厉害了，中国制造的地铁终于在巴基斯坦运作起来了，中巴万岁！_!_中巴,地铁,巴基斯坦_!_6_!_1
6552446918834782727_!_110_!_news_military_!_要求自由进入叙领空轰炸伊朗军事基地，以警告俄不要出售S300_!_S-300,以色列,伊朗,俄罗斯,S300,叙利亚_!_0_!_1
6552846610802409992_!_116_!_news_game_!_拳皇的中国角色：镇元斋不愧为中国醉拳宗师，超难成功的无限连_!_镇元斋,醉拳,龙虎之拳,喜剧片,袁小田_!_1_!_1
6552319161060557319_!_115_!_news_agriculture_!_因病致贫有良方——榆林中大医院赴子洲景家沟送医送药送健康_!_子洲县,榆林,乡亲们,中医科,贫困户_!_1_!_1
6552276193947681293_!_103_!_news_sports_!_奥运冠军吴敏霞当选共青团上海市委副书记_!_奥运会,吴敏霞,共青团上海市委,上海市,兼职副书记_!_4_!_1
6552417446949552647_!_101_!_news_culture_!_上海博物馆｜心灵的风景：泰特不列颠美术馆珍藏展（1700-1980）_!_Tate,美术馆,行走一百英里,英国橡树,风景画,上海博物馆,布莱顿链条码头,格朗维尔,康斯太勃尔,恰尔德·哈罗德游记,泰特不列颠,透纳_!_8_!_1
6552450458378568195_!_103_!_news_sports_!_奥运冠军许海峰王丽萍现场助力2018六安国际马拉松赛_!_埃塞俄比亚,六安,王丽萍,许海峰,肯尼亚_!_6_!_1
6494217757289087246_!_101_!_news_culture_!_洛阳有花果山吗？和连云港花果山谁先谁后？以后也会产生孙悟空争议吗？_!_孙悟空,连云港花果山,吴承恩,西游记,连云港_!_4_!_1
6552299624005108227_!_107_!_news_car_!_明星座驾：王俊凯，千玺，鹿晗，李易峰，吴亦凡的座驾都不及他！_!_李易峰,座驾,黄子韬,兰博基尼,王俊凯_!_8_!_1
6552479556672946691_!_112_!_news_travel_!_中国历史文化名镇、广西四大古镇之一大圩古镇走访记_!_公共厕所,大圩古镇,桂林市,灵川县,古镇_!_10_!_1
6531107124016054797_!_101_!_news_culture_!_大师韩美林不仅画画牛，82岁还能生娃当爹，连齐白石也得甘拜下风_!_中央文史馆,齐白石,胡宝珠,韩美林,齐良末_!_4_!_1
6495672446165713165_!_104_!_news_finance_!_如何评价印度塔塔集团？_!_国家电网公司,印度塔塔集团,TCS,塔塔汽车,印度人,塔塔钢铁公司_!_6_!_1
6550602200668701192_!_104_!_news_finance_!_这些东西在中国不值钱，沈万三运到日本赚取暴利！_!_陆道源,元世祖,罗盘针,官本船,沈万三_!_5_!_1
6553017896216297988_!_109_!_news_tech_!_中国公司赚钱排行榜：中国移动第6，阿里巴巴未进前10，第一是？_!_中国烟草,马明哲,腾讯,平安保险,马化腾_!_0_!_1
6552068246940418567_!_116_!_news_game_!_Faker大魔王又开始了？李哥三大骚套路中单疯狂安排韩服各大中单_!_炼金,英雄联盟,Miss开心直播,李哥,艾克,刀妹,Miss排位日记,瑞兹_!_4_!_1
6552377640378958340_!_101_!_news_culture_!_《素问》第五回展（巡回展 上海站）5月12日将在宝龙美术馆开幕_!_何多苓,美术馆,艺术,素描,当代艺术馆_!_2_!_1
6552374574208516621_!_110_!_news_military_!_印度是否徒有虚名：居然敢与中国叫嚣，印度全球军力排名第四名_!_运输机,印度,战斗机,C130,预警机,地对地导弹_!_2_!_1
6552371965695361539_!_113_!_news_world_!_法国第一夫人如何评价美国第一夫人？梅拉尼娅是一个非常有趣的人_!_埃马纽埃尔,斯洛文尼亚,法国第一夫人,第一夫人,梅拉尼娅_!_0_!_1
6552424282285146631_!_113_!_news_world_!_中国领事馆提醒远离夏威夷火山和地震高危险区域_!_总领馆,总领事馆,夏威夷州,基拉韦厄火山,夏威夷岛_!_7_!_1
6456180259963273485_!_108_!_news_edu_!_泉州市的华侨大学分校为什么在厦门不在泉州？_!_华侨大学,泉州,暨南大学,硕士点,华大_!_6_!_1
6552146982285083149_!_113_!_news_world_!_朝鲜5日零时起 启用新平壤时间 与韩国统一时区_!_朝鲜,时区,朝中社,金正恩,朝鲜半岛_!_4_!_1
6552408394492281348_!_106_!_news_house_!_光谷东PK光谷南，谁更宜居？谁的发展潜力更好？_!_汤逊湖,光谷南,光谷东,片区,光谷中心城_!_5_!_1
6525341647792767502_!_116_!_news_game_!_天美：黄忠是v8,泉水：收到，天美：钟馗充钱了，超级兵：收到_!_黄忠,钟馗_!_1_!_1
6553558564344955405_!_116_!_news_game_!_闪电狼登场打野被卡萨附体，超秀抢大龙力挽狂澜，助闪电狼获胜_!_大龙,英雄联盟,GMB,力挽狂澜,闪电狼_!_10_!_1
6552387807719981582_!_107_!_news_car_!_宝骏又出新SUV神车！20天销量破万，仅7万，直接跟哈弗H6正面交锋_!_跟哈弗h6,哈弗H6,宝骏510,SUV,宝骏_!_4_!_1
6513682029496762637_!_106_!_news_house_!_山东德州，十线小县城的房价接近六千，还能挺多久？_!_房价,县城,常识君,楼市,拆迁户_!_7_!_1
6552720301430407684_!_100_!_news_story_!_《忽而今夏》大结局：何洛分手后远赴美国留学，章远成为霸道总裁_!_章远,张书维,网络作家,忽而今夏,何洛_!_4_!_1
6525644215311925774_!_101_!_news_culture_!_《西游记》中找唐僧要贿赂的迦叶和阿难，在历史上究竟什么来头？_!_阿难,迦叶,佛陀,摩诃迦叶,释迦摩尼,西游记_!_6_!_1
6553399981431079428_!_116_!_news_game_!_韩国KZ战队已经抵达德国，随身携带的泡面泡菜堆成小山_!_牛肉面,MSI,英雄联盟_!_9_!_1
6551960599046128132_!_110_!_news_military_!_它是山本特工队原型，造成我军一颗将星陨落，彭总下令全歼_!_全歼,李云龙,八路军,亮剑,益子挺进队,冈村宁次_!_2_!_1
6553578537201172995_!_116_!_news_game_!_英雄联盟大神亚索英雄125连胜？100%胜率拳头看了也不敢相信_!_英雄联盟,连胜,亚索,主播,125连胜_!_6_!_1
6552232931102818824_!_108_!_news_edu_!_南京大学与英国伦敦国王学院联办医学研究院_!_南京大学,英国伦敦国王学院,李凌霄,伦敦国王学院,生物医学_!_9_!_1
6552268615884734979_!_112_!_news_travel_!_绵竹乡村振兴：“金山银山”来了_!_乡村旅游,棚花村,农家乐,绵竹市,绵竹_!_9_!_1
6552395129280266755_!_110_!_news_military_!_钓鱼岛争端再起，日本舰队安装这款设备，对中国舰队威胁更大_!_钓鱼岛,日本当局,钓鱼岛海域,解放军,首相官邸_!_0_!_1
6552310282306191876_!_113_!_news_world_!_以色列已做好一切跨境攻打准备，正在寻求美国支持，叙伊危机来了_!_伊朗,以色列总统,戈兰高地,叙利亚,以色列_!_9_!_1
6553091687156023815_!_104_!_news_finance_!_英媒社评：特朗普向中国提出非理性贸易要求_!_外商直接投资,WTO,反倾销,特朗普,贸易战_!_7_!_1
6505756603998798084_!_106_!_news_house_!_在烟台、威海或者惠州哪里买房更合适？_!_烟台威海,大鹏半岛,惠州,大亚湾核电站,赣深高铁_!_5_!_1
6552464971303748103_!_103_!_news_sports_!_埃梅里：全队在帮内马尔适应巴黎_!_巴黎圣日耳曼,融入球队,内马尔,法甲联赛,埃梅里,SFR体育_!_5_!_1
6552261513736880644_!_107_!_news_car_!_可选100万公里延保服务，全新一代斯堪尼亚卡车山东济南上市_!_斯堪尼亚,斯堪尼亚卡车,S500,驾驶室,商用车_!_1_!_1
6552440903414317576_!_107_!_news_car_!_雪铁龙居然搞出了一辆宝骏510 就1.6t+爱信6at缤智凭什么比_!_雪铁龙,宝骏510,SUV,越野车,宝骏,XRV,C3R_!_2_!_1
6552299117052166659_!_110_!_news_military_!_“重回大国竞争时代” 美国海军重建第二舰队_!_北大西洋公约组织,诺福克,舰队,大西洋,司令部_!_4_!_1
6552276966609781252_!_103_!_news_sports_!_中超单场消息：埃尔克森建功难救主 上港主场遭遇国安逆转_!_埃尔克森,国安,国安队,颜骏凌,上港队_!_3_!_1
6553150416668852739_!_106_!_news_house_!_杭州、西安、成都再现抢房潮，这四点告诉你未来房子值不值钱！_!_抢房潮,房地产业,中签率,摇号,二手房_!_9_!_1
6516267850447978766_!_108_!_news_edu_!_据说东南大学挖了武大整个法学院的人，有没有这事？_!_东南大学,教师,法学院,长江学者_!_9_!_1
6552344239554953732_!_101_!_news_culture_!_618米长漓江焦墨山水画在南宁收笔 这幅画要挑战吉尼斯世界纪录_!_创作,长江万里图,焦墨,傅抱石,吉尼斯世界纪录,百嶂千峰梦幻漓江,山水画_!_1_!_1
6479634845331882254_!_104_!_news_finance_!_河南除了宇通，双汇还有哪些厉害的企业？_!_平高电气,瑞贝卡,许继电气,黄河旋风,宇通客车,中国民营企业,轴研科技,鑫苑置业,辅仁药业,安阳钢铁,河南,羚锐制药,郑煤机,华兰生物,双汇,建业地产_!_4_!_1
6550956705151189508_!_104_!_news_finance_!_财新和官方PMI为何连续8个月背离？（联讯证券李奇霖、张德礼）_!_国民经济行业分类,财新,财新PMI,PMI,Markit,制造业PMI,背离_!_7_!_1
6552336243059851789_!_112_!_news_travel_!_天上瑶池，地下阆苑，中国现存最完好的“四大古城”之一！_!_阆中古城,阆中市,东方IC,四川省,阆苑仙境_!_10_!_1
6538738293704491527_!_101_!_news_culture_!_迷倒梅兰芳，令在香港的杜月笙牵肠挂肚的她该有多美_!_杜月笙,梅兰芳,姚玉兰,孟小冬,梨园冬皇_!_2_!_1
6492682465138704654_!_108_!_news_edu_!_浙江为什么985大学这么少？_!_985高校,浙江大学,985工程,杭州大学,211高校_!_1_!_1
6552429670430671363_!_101_!_news_culture_!_山东莒县城南后夏庄村“老子庙”记_!_虚空藏菩萨,论语,道教,灵宝天尊,道德经,道德天尊,元始天尊,易经_!_1_!_1
6552402220820726286_!_116_!_news_game_!_厂长直播无意间说出心中理想阵容，上路Smeb,中路Faker,下路Uzi!_!_厂长,赵信,Rank,MSI,Faker_!_4_!_1
6552366057464529421_!_103_!_news_sports_!_官宣！新疆官宣戈尔正式上任 CBA中国通外教今日抵达乌鲁木齐_!_布莱恩·戈尔,上海队,乌鲁木齐,篮球,李秋平_!_1_!_1
6528436786643862029_!_106_!_news_house_!_新作｜GDG葛乔治：北京融创壹号庄园F82别墅及其背后的故事_!_大理石,设计师,室内空间,Cui,葛乔治_!_5_!_1
6552416819532005891_!_107_!_news_car_!_中国版的特斯拉，售价高达54万，蔚来汽车ES8真的有“未来”吗？_!_换挡杆,电动汽车,蔚来汽车,特斯拉,蔚来ES8_!_9_!_1
6552276965968052743_!_103_!_news_sports_!_北控女足重温“铿锵玫瑰”精神 任桂辛助长春客场全取3分_!_铿锵玫瑰,北控,北京女足,女足,任桂辛_!_6_!_1
6506778257940021508_!_108_!_news_edu_!_南京大学如果和东南大学合并的话能否超越浙大稳坐大学第三把交椅？_!_南京大学,南大,东南大学,浙江大学,浙大_!_3_!_1
6552471658173563406_!_110_!_news_military_!_挑战新藏线：三十里营房-黑恰道班-麻扎兵站_!_新藏线,三十里,摩托车_!_3_!_1
6552349231858844168_!_109_!_news_tech_!_张一鸣转发《谁说腾讯没有梦想》：腾讯是一家极其优秀的公司_!_张一鸣,谁说腾讯没有梦想,腾讯_!_9_!_1
6552114085075354116_!_104_!_news_finance_!_超越英国！「美国加州」成世界第5大经济体_!_英国,加州,美国,房地产业,好莱坞_!_3_!_1
6552339890049122820_!_102_!_news_entertainment_!_众星齐聚慈善晚宴 关之琳赵雅芝温碧霞袁咏仪朱玲玲同框_!_赵雅芝,温碧霞,朱玲玲,袁咏仪,关之琳_!_1_!_1
6552473959202292232_!_103_!_news_sports_!_江苏苏宁2:0亚泰，特谢拉、黄紫昌进球，江苏苏宁排名升到第五位_!_特谢拉,黄紫昌,亚泰,江苏苏宁,江苏苏宁排名升到第五_!_6_!_1
6553123762848399629_!_106_!_news_house_!_郑州有985大学吗？_!_郑州,郑州大学,材料科学,双一流,世界一流大学_!_2_!_1
6552366959403467271_!_107_!_news_car_!_河南一辆4万五菱，车上载着羊，但一看车牌，劳斯莱斯都不敢惹！_!_九五之尊,车牌,劳斯莱斯,河南,五菱_!_5_!_1
6552999175544373763_!_106_!_news_house_!_「CBD核心区」「正大中心写字楼出租」18801453704_!_写字楼,cbd_!_1_!_1
6552355595754668557_!_112_!_news_travel_!_四川成都青城山，中国道教的重要发祥地，纵横千百年的道教博物馆_!_川西平原,建福宫,青城山,东方IC,道教_!_0_!_1
6470831740440019213_!_106_!_news_house_!_惠州九州玉带湾谁知道怎么样？_!_买房,白云站,物业,惠州,保利地产_!_3_!_1
6552341283333997059_!_107_!_news_car_!_洛阳电享众泰新能源 众泰E200车主行驶1500公里后的用车体验_!_销售人员,加速度,众泰E200,70码,电动车,E200_!_0_!_1
6531118183804305924_!_108_!_news_edu_!_藏在“985大学”中的医学院，实力强，考上就是“捡到宝”！_!_临床医学,护理学,山东大学,医学院,湘雅医学院_!_8_!_1
6553538011781399043_!_116_!_news_game_!_露娜已改，李白继续削弱，韩信又被重做，天美最近什么都不怕！_!_露娜,李白,额外Ad,伤害,Lv_!_2_!_1
6552473656490983944_!_113_!_news_world_!_俄罗斯逆袭开始？美国惨遭盟友“抛弃”,特朗普“心凉谷底”!_!_特朗普,伊朗,俄罗斯,叙利亚,伊核协议_!_8_!_1
6552368612944904711_!_110_!_news_military_!_酸葡萄！俄罗斯媒体表示中国歼20难以量产，性能高的多余！_!_瓦西里,F22,战斗机,俄罗斯,歼20,五代机_!_4_!_1
6498133402661683469_!_108_!_news_edu_!_除了郑州大学，、河南大学，河南还有哪些不错的学校？_!_河南农业大学,河南,新乡医学院,河南大学,郑州大学_!_6_!_1
6552439161507283460_!_108_!_news_edu_!_黄埔一期入学纪念日，回看黄埔军校教学水平究竟怎样_!_黄埔,高级将领,黄埔军校,军校,军事教育_!_7_!_1
6553626269290856967_!_116_!_news_game_!_余霜晒MSI出征图：UZI也学韦神开始穿拖鞋？香锅踮脚的细节太萌！_!_RNG,UZI,MSI,余霜小姐姐,英雄联盟_!_4_!_1
6532024374612984328_!_100_!_news_story_!_离婚两次后，上海大亨黄金荣居然和漂亮寡媳李志清一起过上了日子_!_林桂生,黄金荣,露兰春,薛恒,李志清_!_5_!_1
6553138768977592836_!_106_!_news_house_!_关于投资购房，西南财经大学的一份报告了解一下_!_首套房,房地产调控,热点城市,平均水平,中国经济周刊,西南财经大学_!_8_!_1
6552452317000499719_!_108_!_news_edu_!_延津乡村记忆：荆庄学校_!_马庄乡,作业本,面南背北,荆庄村,少林寺,教师_!_0_!_1
6552427061108015620_!_107_!_news_car_!_全新19款长安CS35到店，外观像路虎极光，售5万成宝骏510最大敌人_!_长安CS35,CS75,长安汽车,国产汽车,CS35,宝骏510,大众途观,长安_!_4_!_1
6493059674810614030_!_109_!_news_tech_!_腾讯发源于河北石家庄，你能想到吗？_!_河北,石家庄,马化腾,创办人,河北石家庄_!_3_!_1
6552294108080112141_!_112_!_news_travel_!_新消息，茂名信宜城南凤凰花开，在信宜的你可以去赏花_!_茂名,凤凰花开,信宜_!_9_!_1
6552365081621955079_!_103_!_news_sports_!_2018中国小篮球联赛今启动 东北虎“乖乖虎” 队两胜一负_!_东北虎,开幕式,中国篮球协会,乖乖虎,篮球_!_8_!_1
6552322336832356872_!_109_!_news_tech_!_腾讯总裁刘炽平：腾讯的每一部分都在追求理想_!_腾讯没有梦想,腾讯,刘炽平_!_8_!_1
6552362944787644942_!_102_!_news_entertainment_!_“山寨明星”很吃香：山寨鹿晗交网红女友，山寨林俊杰捞金700万_!_林俊杰,刘德华,山寨,陈小春,周立波_!_10_!_1
6552290827098391048_!_101_!_news_culture_!_艺术厦门博览会5月26日登场 台湾画廊协会集体亮相_!_艺术厦门,公共艺术,精神家园,博览会,艺术,画廊_!_9_!_1
6552263243803394568_!_115_!_news_agriculture_!_苏州高新区携手贵州铜仁万山区推动农产品“出山”_!_苏州高新区,特产品,万山区,铜仁市,电子商务_!_3_!_1
6459682588217835789_!_104_!_news_finance_!_河南GDP比河北GDP高，感觉河南比河北穷，为什么呢？_!_佰利联,河北钢铁,重工业,可支配收入,河南,河北_!_8_!_1
6552479697500897799_!_115_!_news_agriculture_!_中美贸易战：美国农场主因失去中国订单而损失惨重_!_猪肉,美国农业部,关税,进口商,施罗德_!_7_!_1
6552290693820187140_!_115_!_news_agriculture_!_芒果指南｜百色芒果，一件代发！全国代理招募火爆进行中_!_天然温室,适宜生长区,百色芒果,芒果,催熟剂_!_8_!_1
6482156206809940238_!_107_!_news_car_!_A4L和宝马320LI怎么选？_!_C200L,宝马3系,A4L,A4,宝马_!_1_!_1
6524484619566318083_!_108_!_news_edu_!_想到北上广读好大学? 得考多少分! 京沪粤985/211高校各地录取分_!_北上广_!_10_!_1
6552445705984672260_!_116_!_news_game_!_英雄联盟：UZI直播首秀，人气超MSI季中赛十倍多，LPL第一人！_!_LPL,直播间,UZI,MSI季中赛,英雄联盟_!_3_!_1
6552381912755733000_!_102_!_news_entertainment_!_谢娜回归快本，何炅读张杰写给谢娜的信感动全场，维嘉哭成泪人！_!_何炅,快乐家族,快乐大本营,谢娜,张杰,好丈夫_!_2_!_1
6552187378222498307_!_101_!_news_culture_!_中国赠送马克思雕像在德国特里尔揭幕_!_马克思主义,莱法州,雕像,马克思,特里尔_!_5_!_1
6553125718992093704_!_115_!_news_agriculture_!_莆田深山老林空心村 56岁的陈元豹千里迢迢从京城回乡办茶产业公司 立志助力乡村振兴——老树发新枝_!_仙游县志,陈元豹,蔡京,林田村,茶树,九仙茶_!_1_!_1
6553159753034367501_!_115_!_news_agriculture_!_蓬安县锦屏镇卢家坪村：发展特色产业助民增收致富_!_卢家坪村,蓬安县,锦屏镇,养殖业,贫困群众_!_9_!_1
6552406876405891591_!_107_!_news_car_!_史上最良心红旗汽车！平民豪车才卖16万，内饰和奔驰宝马同档_!_豪华车,中国一汽,红旗H5,红旗轿车,一汽红旗,豪华轿车,BLIS,红旗_!_3_!_1
6552361305292931587_!_102_!_news_entertainment_!_「EXO」「新闻」180506 “EXO边伯贤令人震撼的生日应援广告” 实力演绎威武霸气_!_边伯贤,粉丝,exo,EXO_!_0_!_1
6552269407689638407_!_103_!_news_sports_!_赢了！中国女乒击败日本，实现世乒赛4连冠！_!_朱雨玲,刘诗雯,平野美宇,伊藤美诚,石川佳纯_!_10_!_1
6552340583866696200_!_108_!_news_edu_!_江苏南京无锡常州博大五年制专转本捷报来袭：你还在傻傻的等待？_!_无锡,专转本2018江苏博大专转本2018江苏,江苏,年一贯制专转本,南京_!_8_!_1
6552331676419097092_!_109_!_news_tech_!_阿里巴巴、腾讯和京东的财报，你发现了什么？_!_活跃用户,京东,阿里巴巴集团,IPO,阿里巴巴_!_8_!_1
6520740663313564163_!_101_!_news_culture_!_奶奶是慈禧，伯父是光绪，哥哥是溥仪，活到了2015才逝去_!_纳兰性德与〈通志堂集〉,溥任,父亲载沣,金友之,醇亲王府回忆,使德日记,溥仪,慈禧太后_!_5_!_1
6552444483995173384_!_104_!_news_finance_!_起底韩国半导体产业发家史：晚起步十几年还能赶超美日_!_NEC,DRAM,三星,韩国,SK海力士,SST,VLSI,半导体芯片保护法,韩国政府_!_4_!_1
6552352711466025480_!_109_!_news_tech_!_马云：阿里不愿招北大清华毕业生 他们应到中小企业_!_特拉维夫,阿里巴巴集团,北大清华,马云,阿里巴巴_!_7_!_1
6552287680040796675_!_113_!_news_world_!_特朗普与特蕾莎通电话：谈论伊朗核和朝鲜问题_!_朝鲜,特蕾莎,伊朗,特朗普,叙利亚_!_4_!_1
6552437319356383747_!_107_!_news_car_!_海口市对电动车充电设施项目给予补贴；捷豹路虎任命新制造总监_!_路虎,英菲尼迪,Stadler,无线充电,比亚迪,捷豹,QX80,捷豹路虎,新能源汽车_!_10_!_1
6552467466402923016_!_116_!_news_game_!_LOL：新一代Soloking史森明，Uzi直播与小明单挑被完虐_!_MSI,Uzi,lol,uzi,SOLO_!_0_!_1
6552274998705259011_!_107_!_news_car_!_18款丰田霸道4000 中东版诚信优惠报价等你来_!_普拉多,VVT-i,丰田普拉多,丰田霸道,丰田,可靠性,DualVVT-i_!_3_!_1
6521585534152737293_!_109_!_news_tech_!_一个印度人长期霸占亚洲首富比李嘉诚、马化腾、马云还有钱_!_马云,李嘉诚,马化腾,亚洲,印度人_!_2_!_1
6553210515248644611_!_115_!_news_agriculture_!_邯郸大名20万斤西瓜滞销瓜农愁 县电视台为民解忧寻销路_!_西瓜,新闻部,大名县,贫困群众,电视台,民生视线_!_5_!_1
6553090912275137027_!_106_!_news_house_!_深圳唯一村委统建楼现房发售，村委过户 平湖花半里_!_深圳,华南城,物业,现房,村委_!_7_!_1
6553024423945830920_!_115_!_news_agriculture_!_安徽合肥大圩镇：“葡萄+体育”领跑致富路_!_马拉松,合肥,合肥市包河区大圩镇,葡萄,大圩镇_!_7_!_1
6552228705026966029_!_104_!_news_finance_!_巴菲特：医保占美GDP18% 已成影响美竞争力的蛀虫_!_医保,亚马逊,内布拉斯加州,伯克希尔·哈撒韦,沃伦·巴菲特_!_3_!_1
6552309295373877763_!_106_!_news_house_!_山东滨州：半岛蓝湾小区设路卡 业主开车不能进_!_半岛,业主共有,民声供稿平台发,半岛蓝湾小区,山东滨州渤海18路_!_9_!_1
6422082903882072321_!_106_!_news_house_!_中国西南三市南宁、昆明、贵阳, 哪个发展潜力更大？_!_交通条件,防城港,南宁,贵阳,昆明_!_2_!_1
6483429043289981198_!_109_!_news_tech_!_华为董事长为什么不是任正非而是孙亚芳？_!_爱立信,任正非,走出华为,华为,孙亚芳,阿里巴巴,华为公司_!_3_!_1
6441769571983556878_!_106_!_news_house_!_如何看待西安金辉天鹅湾小区物业保安队长带头殴打业主事件？_!_停车位,地面车位,金辉天鹅湾,地下车位,物业_!_8_!_1
6552399769057100296_!_103_!_news_sports_!_中超-全场集锦 穆坎乔屡失良机 人和0-0战平鲁能阻止对手登顶中超_!_中超,鲁能,失良机,穆坎_!_0_!_1
6552392412176581127_!_102_!_news_entertainment_!_穿蕾丝裙走红毯：林心如摆拍，杨颖和李冰冰回首吸睛，她双手遮胸_!_范冰冰,走红毯,林心如,杨颖,李冰冰_!_8_!_1
6552288687558754829_!_101_!_news_culture_!_维也纳举行“马克思在维也纳”特别展_!_奥地利维也纳,马克思,卡尔·马克思,特别展_!_0_!_1
6552298080119554574_!_101_!_news_culture_!_走访伦敦马克思纪念图书馆_!_图书馆,马克思,马克思主义,伦敦,英国共产党_!_10_!_1
6552284042157359629_!_102_!_news_entertainment_!_交际娜上线！谢娜获两项吉尼斯世界纪录称号_!_谢娜,吉尼斯世界纪录,Justin,Katy Perry,快乐大本营,微博账户_!_7_!_1
6552148731293073934_!_109_!_news_tech_!_联想集团被剔除出恒生指数，昔日霸主已被小辈远远超越_!_市场份额,联想手机,联想集团,恒生指数,华为公司_!_0_!_1
6551652600482103811_!_112_!_news_travel_!_澳大利亚滑雪胜地！新南威尔士大雪山地区_!_新南威尔士州,大雪山地区,悉尼,澳大利亚,度假村,冰雪河来客_!_3_!_1
6552458045287301646_!_113_!_news_world_!_土耳其外长：若美拒绝提供F-35战斗机 土将采取回应措施_!_土耳其,S-400防空导弹系统,俄罗斯,F-35战斗机,安卡拉_!_5_!_1
6518831016180711688_!_106_!_news_house_!_深圳GDP已超香港，房价只有香港的1/3，大量港人涌入深圳抢房，为什么？_!_房价,深圳,港人,香港_!_1_!_1
6552305993840067076_!_108_!_news_edu_!_青岛00后职校美女：靠摆餐具被澳大利亚名校录取_!_职校生,酒店管理,格里菲斯,澳大利亚,青岛_!_2_!_1
6552356894554456583_!_101_!_news_culture_!_美丽中国 生态乡镇—紫岫宣和画院写生团送文化进少数民数地区_!_土家族,毛坝镇,张秀进,紫岫宣,书画家_!_9_!_1
6552440883734643204_!_101_!_news_culture_!_河阳巨里，楼里左镇——探访邢台千年古村后楼下_!_隆兴寺,邢台七里河,楼下村,古建筑,七里河_!_0_!_1
6552441673853436423_!_110_!_news_military_!_差点走火！美间谍机逼近俄边境，俄飞行员来不及请示，果断出击_!_俄罗斯,开火权,P-8A,苏27,读卖新闻,俄新社,空军基地_!_5_!_1
6500476869702320397_!_104_!_news_finance_!_开心麻花团队公司老大是谁？沈腾在公司什么职位？_!_沈腾,知名演员,开心麻花,开心兄弟,招股书_!_1_!_1
6552257299056951815_!_113_!_news_world_!_特朗普“滚”出叙利亚！普京：叙利亚迟早被我“收回”!_!_叙利亚战争,政府军,普京,俄罗斯,巴沙尔_!_9_!_1
6551834570449224205_!_103_!_news_sports_!_曼联的坏消息是乌姆蒂蒂与巴萨续约合同达成一致_!_乌姆蒂蒂,穆里尼奥,巴塞罗那,曼联,巴萨_!_1_!_1
6552296494605533703_!_102_!_news_entertainment_!_《北京女子图鉴》大结局是什么 最后陈可和医生许斯明在一起吗_!_罗海燕,大结局,陈可,迫在眉睫,北京女子图鉴,上海女子图鉴,东京女子图鉴,杜拉拉升职记_!_0_!_1
6553524204623364621_!_116_!_news_game_!_天使真面目曝光？俄罗斯美女COS《守望先锋》齐格勒_!_Cosplay,守望先锋,俄罗斯,齐格勒_!_4_!_1
6552386376233386509_!_107_!_news_car_!_被宋max逼急了！新车比别克GL6漂亮十倍，1.5T配6AT，6万必成爆款_!_宋max,GL6,宝骏,比亚迪,广汽传祺,宝骏730,汉腾,MPV市场_!_8_!_1
6552366656998359565_!_115_!_news_agriculture_!_惠农网邓武杰：如何操盘10天10万箱？靖州杨梅背后的故事（上）_!_杨梅,农业,靖州杨梅,靖州,吴大爷_!_1_!_1
6552455929030246915_!_113_!_news_world_!_特朗普的两个动作，让英法怒了_!_法国,特朗普,枪击案,佛州,英法_!_4_!_1
6553154579456852493_!_115_!_news_agriculture_!_大山深处的铜川耀州小丘镇——童话般的水世界_!_小丘镇,水产养殖,贫困群众,大白鹭,大山深处_!_7_!_1
6552147065827230221_!_110_!_news_military_!_据报道，叙利亚被新一轮空袭，普京霸气下令，目标巴沙尔_!_联军,叙利亚,巴沙尔,叙利亚战争,普京_!_1_!_1
6552454357017690631_!_115_!_news_agriculture_!_陕西洛南：保安镇文峪村播种油葵促进产业发展_!_文峪村,陕西,油葵,保安镇,洛南县_!_6_!_1
6552377911326802439_!_102_!_news_entertainment_!_贝克汉姆吴秀波金城武小李子，这几位帅哥大叔倾国之貌_!_莱昂纳多·迪卡普里奥,贝克汉姆,枪王之王,吴秀波,东方IC,金城武_!_0_!_1
6552438196318241288_!_104_!_news_finance_!_得寸进尺！沙特石油还涨！中国霸气拒买，沙特怕了：我是被逼的！_!_中石化,进口量,涨价,原油,伊拉克_!_8_!_1
6552391240820720132_!_112_!_news_travel_!_探访香港园圃街雀鸟花园_!_香港,凤凰木,雀鸟花园,合欢树,园圃街雀鸟花园_!_7_!_1
6552244703754977806_!_109_!_news_tech_!_华为生态合作伙伴延安行——人才双选会走进延安大学_!_延安大学,延安,华为生态合作伙伴延安,双选会,华为公司_!_2_!_1
6552290215724057095_!_112_!_news_travel_!_四川一古城，张飞任太守，杜甫为他写诗，张道陵飞升于此_!_古城,阆苑仙境,东方IC,嘉陵江,张道陵_!_3_!_1
6552386313121694216_!_107_!_news_car_!_三菱最美SUV登场！新车比帕杰罗霸气，配四驱仅18万汉兰达难受了_!_三菱欧蓝德,汉兰达,欧蓝德,新车,帕杰罗,丰田汉兰达,途观,丰田,三菱_!_1_!_1
6552320231996391939_!_113_!_news_world_!_特朗普两个动作，让全法国和英国暴怒_!_法国,特朗普,恐怖袭击,英国,受害者_!_2_!_1
6552380275991511556_!_109_!_news_tech_!_腾讯培养了京东和拼多多制衡淘宝，阿里用年报告诉他不可能！_!_阿里,三四线城市,阿里巴巴,用户数,阿里巴巴集团_!_9_!_1
6552076636336947726_!_102_!_news_entertainment_!_甄嬛传：甄嬛发觉被人下毒，槿汐流朱请罪，浣碧的表现实在可恶！_!_甄嬛,余莺儿,槿汐,倚梅园,浣碧_!_5_!_1
6552470232550605315_!_112_!_news_travel_!_"""""""西藏见闻录——林芝"""_!_"""甘丹寺"""""""_!_2_!_1
6552444286133076487_!_102_!_news_entertainment_!_日本选出全球最标致的五大面孔，中国上榜一人，不是范冰冰而是她_!_中国上榜一人,日本选出全球,范冰冰,五大面孔,标致_!_1_!_1
6553096172133679624_!_115_!_news_agriculture_!_新市场 赣州农批·华东城蔬菜市场正式启用！_!_城蔬菜新市场,赣南,经营户,赣州,大市场_!_10_!_1
6552317794845721092_!_115_!_news_agriculture_!_山西夏县鲁因村村主任被指“操控枣运物流致枣农利益受损”_!_夏县,裴介镇,鲁因村,张福元,鸡心枣_!_10_!_1
6552253646527005191_!_103_!_news_sports_!_跳水系列赛喀山站中国又拿两金 谢思埸最后一跳逆转曹缘夺冠_!_司雅杰,米跳台,任茜,曹缘,谢思埸_!_10_!_1
6552306061947175427_!_101_!_news_culture_!_被称为华夏之根的陕西渭南，有什么出名的东西吗_!_碗碗腔,渭南,陕西省,阿宫腔,赤水河_!_4_!_1
6553026789172576771_!_109_!_news_tech_!_韩媒：小米进军全球手机市场 三星地位岌岌可危 韩国网民忧心忡忡_!_智能手机,香港交易所,意大利,三星,小米_!_0_!_1
6552389488344039950_!_113_!_news_world_!_英拉兄妹新加坡会晤为泰党 与家人合影笑容满面_!_英拉,他信,新加坡,为泰党,泰国前总理_!_0_!_1
6552476532516848135_!_110_!_news_military_!_印巴战争中，巴基斯坦少将纳赛尔战死沙场_!_纳赛尔,坦克,装甲师,巴军,巴基斯坦_!_5_!_1
6552441180607480333_!_104_!_news_finance_!_泽熙系出手！宁波中百股权大战升级，泽添投资掐点提交议案阻击！_!_张江平,徐翔,宁波中百,股东大会,公司章程_!_5_!_1
6532287109225513486_!_101_!_news_culture_!_开封有十个中国、世界之最，毛泽东视察黄河感叹：这就是悬河啊！_!_清明上河图,自序,乐府解题,全真教,开封府题名记,碑廊,中国文化史辞典,黄河,开封市,开封_!_3_!_1
6552422460719890952_!_102_!_news_entertainment_!_撩谢霆锋？张柏芝“花痴”上身，自曝喜欢黄磊：既会做饭又有爱心_!_黄磊,花痴,谢霆锋,妈妈咪呀,如果，爱,张柏芝_!_1_!_1
6520852471890313486_!_106_!_news_house_!_老家在肇庆德庆现在广州工作，是在肇庆买房还是佛山三水买好？_!_端州区,肇庆,三水,南沙,广州_!_9_!_1
6552254599925858824_!_110_!_news_military_!_中国红旗26导弹问世，射高400千米，成055驱逐舰主力武器_!_拦截,S-300,观察第,S-400,防空,导弹系统,萨德_!_3_!_1
6552327553837695491_!_113_!_news_world_!_特朗普两个动作，让全法国和英国暴怒_!_谋杀率,法国,恐怖袭击,受害者,唐纳德·特朗普_!_9_!_1
6492610374146195725_!_108_!_news_edu_!_如果哈工大不在哈尔滨，而是在北京，那现在哈工大会不会牛到飞起？_!_北京,哈工大,哈尔滨_!_9_!_1
6552130794108748291_!_116_!_news_game_!_英雄联盟LPL：阿布这次是真的怒了，狂骂Clearlove_!_英雄联盟,Clearlove,LPL,游戏_!_9_!_1
6552344980222902797_!_103_!_news_sports_!_恒大被大连一方打爆！许家印：照常实施全华班方案_!_邓涵文,张琳芃,恒大,卡拉斯科,足协杯_!_7_!_1
6552342259277234696_!_112_!_news_travel_!_四川九寨沟，美过童话的山水“九寨归来不看水”世界自然遗产名录_!_长海,世界自然遗产名录,五花海,九寨沟县,九寨沟,孔雀河_!_4_!_1
6551834697796682243_!_103_!_news_sports_!_穆里尼奥希望桑德罗来代替卢克肖在曼联的位置_!_桑德罗,曼联,穆里尼奥,左后卫,阿莱克斯_!_7_!_1
6552353507666559492_!_103_!_news_sports_!_詹姆斯38分压哨抛投绝杀 骑士3-0猛龙拿到赛点_!_瓦兰丘纳斯,猛龙,詹姆斯,骑士,德罗赞_!_8_!_1
6552348759190143492_!_113_!_news_world_!_日本开始“亲华反美”？安倍连续3次对抗美国，还向中韩求助_!_耶路撒冷,巴勒斯坦,中程导弹,安倍,日本_!_5_!_1
6552263247364358660_!_113_!_news_world_!_也门这个总统真怨，被沙特和伊朗的争霸害死了｜地球知识局_!_萨利赫,沙特阿拉伯,萨那,伊朗,胡塞武装_!_8_!_1
6552295801920422414_!_116_!_news_game_!_绝地求生：APL韩国NTT战队夺冠，2支中国战队梦游只获18名24名_!_APL,韩国,2支中国战队,韩国队伍,NTT_!_4_!_1
6552148333320733198_!_101_!_news_culture_!_中国赠送马克思雕像在德国特里尔揭幕_!_特里尔,马克思,史明德,雕像,吴为山_!_9_!_1
6549400475299480068_!_106_!_news_house_!_杨丽萍的洱海豪宅太阳宫被停业整顿，你怎么看？_!_杨丽萍,停业整顿,豪宅,洱海,国家级自然保护区_!_0_!_1
6552385873223090701_!_107_!_news_car_!_尴尬！众泰T800公布售价，车友直接去隔壁提瑞虎8_!_众泰汽车,荣威,RX8,众泰,长安CS95,T700,预售价,CS95,瑞虎_!_2_!_1
6552415139205743108_!_109_!_news_tech_!_腾讯被批没有梦想，马云余额宝又获大赞，百度躺枪_!_百度,腾讯,支付宝,马云,余额宝_!_2_!_1
6552354284392940039_!_107_!_news_car_!_此地神鬼皆怕，为何山西宁武芦芽山成为自驾原始穿越的鬼门关？_!_芦芽山,五寨,管涔山,岢岚县,宁武_!_2_!_1
6552623466011427332_!_110_!_news_military_!_中国新型隐形轰炸机意外曝光？台媒猜或是歼17_!_轰-6,B-2,鹘鹰神话,战斗轰炸机,航空工业,歼-20,轰-6K,轰炸机,沈飞,苏-34,歼-15_!_9_!_1
6552377235175637508_!_113_!_news_world_!_叙政府军掌控大马士革，美俄欧博弈加剧，以伊战争一触即发_!_伊朗,以色列,戈兰高地,约旦河,叙利亚_!_10_!_1
6552432837490901507_!_103_!_news_sports_!_世乒赛男团决赛：马龙樊振东许昕上场，奥恰洛夫受伤德国无奈变阵_!_排兵布阵,樊振东,奥恰洛夫,男团,乒乓球_!_3_!_1
6552442433278312963_!_109_!_news_tech_!_寒武纪AI加速服务器诞生，联想首发｜配置凶悍！_!_人工智能,陈天石,加速卡,机器学习,服务器_!_1_!_1
6552477349357552142_!_115_!_news_agriculture_!_麦积山下峡门村，因为来了个张小峰，现在花成海，人如潮_!_鲁冰花,峡门村,张小峰,麦积区,甘泉镇_!_7_!_1
6552652262424969732_!_107_!_news_car_!_广州最牛的村，30万能买卡宴，100万能买宾利、劳斯莱斯！_!_劳斯莱斯幻影,豪车,广州,宾利,劳斯莱斯_!_8_!_1
6552361524818608647_!_113_!_news_world_!_英拉兄妹新加坡会晤为泰党 与家人合影笑容满面_!_新加坡,为泰党,泰国前总理,英拉,他信_!_0_!_1
6552093358829863437_!_101_!_news_culture_!_全国重点文物保护单位（福建篇）：惠安崇武古城_!_演武厅,周德兴,惠安女,崇武古城,湄州湾_!_7_!_1
6552432788891501070_!_107_!_news_car_!_奔驰S级coupe不再无敌，宝马8系流体雕塑来袭，外观甩它几条街_!_流体雕塑,导流板,xDrive,奔驰S级,保时捷911,宝马_!_10_!_1
6552434554366329352_!_110_!_news_military_!_以色列帮越南魔改老坦克，59D都不如有啥用_!_坦克炮,越南,T54,T34,坦克,以色列_!_8_!_1
6552464355370205710_!_103_!_news_sports_!_帕托祝贺中国女兵登顶世乒赛，王永珀曾“撮合”帕托约战张继科！_!_世乒赛,乒乓球,帕托,张继科,王永珀_!_6_!_1
6552327050206642695_!_110_!_news_military_!_新加坡海军“刚毅”号护卫舰访问青岛_!_青岛,来永雷,欢迎进行曲,海上意外相遇规则,护卫舰,刚毅,大庆舰_!_0_!_1
6552477517301678600_!_102_!_news_entertainment_!_闫妮现身上海机场，面对媒体的跟拍，女神也害羞了！_!_东方IC,东方ic,闫妮,佟掌柜,上海机场_!_5_!_1
6552448232255914503_!_116_!_news_game_!_DNF粉丝找大旭增幅荒古太刀，旭旭宝宝不敢丢，险些砸了招牌_!_荒古,玩家,增幅保护券,土豪玩,旭旭宝宝_!_10_!_1
6542857600155779592_!_108_!_news_edu_!_扎克伯格证词中英全文：雅思托福满分级作文 赌你看不完_!_政治广告,Facebook,Members,We,Instagram,Russian,IRA,俄罗斯,And,This_!_6_!_1
6552382749393551885_!_107_!_news_car_!_汉腾汽车首款MPV，想做车市黑马，先问问宝骏730同意不_!_MPV,中控台,GM8,R18,汉腾旗下_!_1_!_1
6552476438526689805_!_112_!_news_travel_!_长汀连城两日游，走过古城，探访培田古民居，登顶冠豸山_!_连城县,最美古村落,培田古民居,客家,冠豸山,长汀_!_8_!_1
6552346893987348996_!_113_!_news_world_!_中国赠送马克思雕像在德国特里尔揭幕_!_莱法州,特里尔,马克思,史明德,雕像_!_2_!_1
6552453633097597454_!_110_!_news_military_!_叙利亚战争，美俄第一次军事冲突事件回顾！_!_叙利亚,俄罗斯雇佣兵,幼发拉底河,俄罗斯军队,美军_!_0_!_1
6552996152189387271_!_115_!_news_agriculture_!_四川成立康养产业投融资联盟_!_森林康养,养基地,森林康养基地,养产业,九连环_!_3_!_1
6552304382438801923_!_110_!_news_military_!_安阳博物馆发现记录安阳解放的影像资料_!_安阳县,中国人民解放军,野战军,濮阳县,安阳_!_8_!_1
6552416520247443975_!_110_!_news_military_!_这才是国军真正的硬骨头部队：血战常德、孤守衡阳，到最后一人_!_反坦克炮,湘江,衡阳保卫战,P-40,方先觉,常德会战_!_0_!_1
6552254353258840579_!_112_!_news_travel_!_贵州省遵义市湄潭县辖区内旅游景点简介_!_湄潭,康熙湄俯瞰湄潭全景潭县志,天下第一壶,平越,茶文化,湄潭县_!_1_!_1
6552382814833082887_!_110_!_news_military_!_澳媒：为应对中国崛起 美国海军将加入澳舰队巡航_!_印度洋-太平洋奋进2018,太平洋,澳大利亚,环太平洋,所罗门群岛_!_2_!_1
6552357942018966019_!_102_!_news_entertainment_!_Baby新剧路透照曝光 留齐刘海娇小可爱_!_小女人,齐刘海,新剧_!_4_!_1
6546007211833819655_!_106_!_news_house_!_看到汽车4S店销售工资条感慨：买车的没有卖车的有钱！_!_汽车销售,买车,卖车,汽车4s店,4s店_!_9_!_1
6552241821492183566_!_103_!_news_sports_!_世乒赛中国男队战胜东道主瑞典杀进决赛_!_世乒赛,中国男队,瑞典,瑞典队,东道主_!_5_!_1
6552338917054480899_!_110_!_news_military_!_领先就领先美国！国宝院士用电脑“画出”战机，歼20开启复制模式_!_运-20,F-22,歼-31,歼-15,打印机,F-35,战斗机,歼-20_!_1_!_1
6552355334638273032_!_108_!_news_edu_!_北京西城区小升初报名通知：外区外省学生回西城就读须有房有户口_!_申请表,公有住宅租赁合同,户口簿,小升初,房屋所有权证书,西城区,不动产权证书,法定监护人,出生医学证明_!_4_!_1
6552397704872329736_!_109_!_news_tech_!_「科技晚报」马化腾回应《腾讯没有梦想》阿里不愿要名校学生？_!_马化腾,携程,腾讯没有梦想,阿里巴巴集团,马云,特拉维夫_!_8_!_1
6552459308431311367_!_112_!_news_travel_!_为什么中国去日本游客在增加，而日本来中国的游客在减少？_!_日本人,日本,东南亚,中国国际航空,全日空_!_9_!_1
6552314608227451399_!_109_!_news_tech_!_开放才能赢！联想为何成立智能物联SIoT合作社？_!_智能物联,人工智能,联想集团,物联网,合作伙伴_!_6_!_1
6516669010619138318_!_108_!_news_edu_!_通化师范学院在吉林省排名是多少？_!_通化师范学院,长白山,辽东省,吉林省,通化市_!_9_!_1
6552331131725808135_!_103_!_news_sports_!_勇士全神贯注 2017-2018NBA 勇士VS鹈鹕_!_米罗蒂奇,所罗门,库里,克拉克,篮板_!_7_!_1
6552418723179790856_!_102_!_news_entertainment_!_谢娜三喜临门，何炅送祝福，吴昕送祝福，只有沈梦辰不一样_!_杜海涛,谢娜,何炅,沈梦辰,吴昕,快本_!_3_!_1
6455767835070169358_!_108_!_news_edu_!_湖北的黄冈中学为什么比北京上海的还出名？_!_应试教育,黄冈中学,黄冈,湖北人,湖北_!_7_!_1
6548289856072581639_!_109_!_news_tech_!_征服了雷军和马云，就连腾讯也争着抢着要的人，是神？_!_CNET,雷军,腾讯集团,企业家,梁宁_!_3_!_1
6466265467261550861_!_101_!_news_culture_!_上联：老子骂庄子孙子小子，韩非子说难，孔子说易，下联怎么对？_!_汉武大帝,始皇帝,孔子,秦始皇,史记·秦始皇本纪,韩非子_!_8_!_1
6552269352974942733_!_101_!_news_culture_!_杭州这个小玩意又惊动央视了？董卿都点赞，可很多杭州人却还不知_!_杭州人,杭州,董卿,立夏狗_!_6_!_1
6552438956862997005_!_102_!_news_entertainment_!_王菲李亚鹏五一罕见相聚，谢霆锋吃醋直言想家，柏芝竖中指暗讽！_!_谢霆锋,王菲,张柏芝,李亚鹏,竖中指_!_1_!_1
6552341887326355982_!_113_!_news_world_!_特朗普这两个肢体动作，彻底把英国和法国激怒了_!_恐怖分子,步枪协会,法国,特朗普,英国人_!_1_!_1
6552337976062378504_!_101_!_news_culture_!_成都画院纪念5.12汶川地震十周年全国书画名家赈灾作品回顾展开幕_!_美术馆,成都画院数字流动美术馆,汶川,艺术家,特大地震映秀震中纪念馆_!_6_!_1
6552140849356997133_!_104_!_news_finance_!_浙江百强企业盾安集团爆450亿债务危机_!_盾安环境,债务危机,建设银行,浙商银行,渤海银行,民生银行,兴业银行,公司债,工商银行,浙江省,中信银行_!_0_!_1
6552300582835585550_!_103_!_news_sports_!_国乒夺冠后有人昵称李隼是大嘴兔儿爷 亲闺女李晓霞上线奉祝福_!_世乒赛,平野美宇,允悲,李隼,李晓霞_!_0_!_1
6551767142805537294_!_110_!_news_military_!_知己知彼百战不殆，中美撞机事件后美国开始研发这款无人侦察机_!_无人机,无人侦察机,洛克希德,阿富汗,RQ-170_!_5_!_1
6552394435710157325_!_101_!_news_culture_!_都叫蒙古，但外蒙古和内蒙古发展差距不止一点，蒙古国人后悔不？_!_蒙古,蒙古人,俄罗斯,外蒙古,内蒙古_!_1_!_1
6553037116375302659_!_115_!_news_agriculture_!_漳州云霄下河杨桃入选2017年度全国名特优新农产品目录_!_下河乡,云霄,云霄县,名特优新,下河杨桃入选2017_!_3_!_1
6552483261807854094_!_104_!_news_finance_!_石药集团（1093.HK）进入恒指：医药行业的历史性事件_!_恒指,恩必普,李春雷,医药,生物医药,中国石化,石药集团,ANDA_!_7_!_1
6552334640290464269_!_115_!_news_agriculture_!_农业农村部部长韩长赋莅临我校调研指导_!_韩长赋,生物农药,农业,南京农业大学,农村部_!_2_!_1
6546072972262638084_!_116_!_news_game_!_王者荣耀，清泉的这几款不花钱的皮肤，很多人表示羡慕_!_游戏,孙尚香,QQ空间_!_7_!_1
6553101576846705156_!_116_!_news_game_!_DNF：打了这么久的卢克，终于知道现在的卢克野团为何这么难打了_!_卢克野团,游戏,dnf,卢克_!_6_!_1
6552130279190823427_!_109_!_news_tech_!_5G时代来临，迎来中国5G标准，华为高通谁会是最后赢家_!_高通,华为,富士通,中兴通讯,CPE_!_0_!_1
6552342424251793924_!_107_!_news_car_!_日产奇骏舒适版和广汽三菱欧蓝德四驱哪个更好一些？_!_SUV,广汽三菱欧蓝德四驱,日产奇骏,三菱,欧蓝德,广汽三菱,奇骏舒适版_!_2_!_1
6552311344425599495_!_116_!_news_game_!_王者荣耀：关羽一句话戳破真相，张飞不喜欢美女竟是因为···_!_孙尚香,张飞,刘备,关羽_!_8_!_1
6552326424424874504_!_110_!_news_military_!_中巴“枭龙”战机美图来袭，成海湾之盾联合演习颜值担当_!_巴基斯坦空军,JF-17,减速伞,副油箱,F-16C,F-16,枭龙,战斗机_!_0_!_1
6552422684834136590_!_112_!_news_travel_!_江西最值得去的5A级景区之一：鹰潭龙虎山有多少不为人知的秘密？_!_道教文化,张天师,文曲星,道教历史,悬崖峭壁_!_2_!_1
6552298904304484878_!_101_!_news_culture_!_沃兴华和石开王镛大师英雄就在眼前？网友：你当我们都眼瞎啊！_!_一只眼,沃兴华,书法,书法家,王镛_!_9_!_1
6552426499306160654_!_109_!_news_tech_!_阿里和百度等非美国本土企业是如何在美国上市的？_!_ADR,BATJ,开曼群岛,美国证监会,存托凭证_!_6_!_1
6552327554336817678_!_106_!_news_house_!_成都摇号选房·天立世纪华府——彭州清水均价5476，不是投资处_!_都江堰,彭州,楼盘,天立世纪华府,㎡三室两厅两卫户型_!_7_!_1
6552343798301590023_!_108_!_news_edu_!_蔡元培：就任北京大学校长之演说_!_大学校长,严几道,终南捷径,旁稽博采,专门学校_!_2_!_1
6552371367294009870_!_108_!_news_edu_!_校庆演讲读错“鸿鹄” 北大校长发道歉信，道歉内容引思聪质疑_!_马克思,校长,北京大学,林建华,道歉信_!_9_!_1
6552462321191485955_!_116_!_news_game_!_王者荣耀：李元芳一Q一人头！夏侯惇：我是谁我在哪？韩跑跑笑了_!_夏侯惇,李元芳,虞姬,游戏,娜可露露_!_2_!_1
6553215815661912580_!_115_!_news_agriculture_!_“南繁硅谷”引领我国种业创新——国家南繁科研育种基地建设综述_!_保护区,陵水,基地建设,农业,国家南繁科研育种基地_!_9_!_1
6552477536230572557_!_103_!_news_sports_!_中甲积分榜：梅州落败仍领跑 超越压呼和浩特跳出降级区 新疆垫底_!_呼和浩特,分排名,卓尔,降级区,梅州_!_6_!_1
6526461603527787015_!_116_!_news_game_!_微信跳一跳小游戏：我终于明白为什么我总出现鲁班和微信支付！_!_微信,小游戏_!_5_!_1
6552379547109556744_!_106_!_news_house_!_内地首家永旺Style落地东湖 深圳成商业创新业态试验田_!_AEON STYLE店铺,深圳,永旺华南,美思佰乐,原弘行_!_5_!_1
6552422356285915652_!_103_!_news_sports_!_郎导和女排队员段放，杨方旭现身公益，下阶梯获爱徒搀扶！_!_万事胜意,中国女排,宁波市,郎导,杨方旭_!_0_!_1
6552389760898302468_!_104_!_news_finance_!_希腊四家银行通过欧洲央行压力测试_!_银行,阿尔法银行,压力测试,比雷埃夫斯,希腊_!_0_!_1
6499678464637927693_!_101_!_news_culture_!_八九十年代风靡全国的北岛舒婷席慕蓉等人，为什么“沉默”了？_!_中国作家协会,失败之书,午夜之门,这也是一切,蓝房子,城门开,舒婷,席慕蓉,七里香,青灯,北岛,钟山,散文集,致橡树,诗选刊_!_6_!_1
6552297903862317575_!_116_!_news_game_!_直击佛罗里达州劳德代尔堡海滩的劳德代尔堡航展丨WLQ国际玩联讯_!_劳德代尔堡,佛罗里达州_!_3_!_1
6552334257061102083_!_116_!_news_game_!_王者荣耀虞姬加勒比小姐cosplay——想要来一发吗？_!_王者荣耀,加勒比,虞姬,手游,cosplay_!_2_!_1
6552301226246013443_!_102_!_news_entertainment_!_甄嬛传：雍正至死不知，甄嬛怀孕后，为何要挺着大肚子去荡秋千？_!_甄嬛传,华妃,甄嬛,果郡王,皇上,大肚子_!_7_!_1
6553230632313422339_!_116_!_news_game_!_英雄联盟季中赛EVS晋级，管泽元：不能让越南打野拿男枪_!_英雄联盟,越南打野,越南,季中赛,战队_!_7_!_1
6552465743542223364_!_103_!_news_sports_!_中超第9轮最佳阵容：大连一方成大户 四大U23抢镜中超_!_广州恒大,大连一方,卡拉斯科,李帅,惠家康_!_1_!_1
6552407154031067662_!_108_!_news_edu_!_九江市同文中学举行“悦读九江”诵读比赛_!_桃花源记,登庐山,九江市,校队,浔阳古今诵,九江,还乡,同文中学,水调歌头,琵琶行,九江风光人情篇_!_3_!_1
6552419076877058564_!_103_!_news_sports_!_中超-惠家康双响阿奇姆彭两球 泰达5-1送贵州五连败_!_买提江,惠家康,郑凯木,米克尔,张思鹏_!_2_!_1
6552406681257509379_!_104_!_news_finance_!_希腊四家银行通过欧洲央行压力测试_!_银行,阿尔法银行,压力测试,比雷埃夫斯,希腊_!_7_!_1
6552336879226716686_!_102_!_news_entertainment_!_马栏山 马栏镇 马栏村 马栏坡的马小姐获两项吉尼斯世界纪录称号_!_吉尼斯世界纪录,马栏坡,马栏镇,快乐大本营,马栏山,谢娜_!_2_!_1
6478159412346224910_!_116_!_news_game_!_王者荣耀中李白二技能里的字是什么意思？_!_李白_!_4_!_1
6552394142540890637_!_112_!_news_travel_!_圣堂杜鹃花开等你来——广西金秀举办圣堂山杜鹃花旅游文化节推介会_!_推介会,金秀,瑶族服饰,金秀瑶族自治县,金秀县_!_8_!_1
6552283753257894404_!_112_!_news_travel_!_扬州润扬大桥轮渡瓜洲露营地单车骑行游玩_!_扬州大学信息工程学院,单车骑行,润扬大桥,瓜洲游玩扬州瓜洲单车,轮渡_!_5_!_1
6552457599831245320_!_110_!_news_military_!_青岛 新加坡军舰“刚毅”号访问青岛_!_刚毅,新加坡,导弹护卫舰,青岛,军舰_!_5_!_1
6552091154257543687_!_110_!_news_military_!_导弹进驻南海后，美驻菲大使：要继续巡航南海，保护菲律宾！_!_导弹系统,主权,军事化,南海,南海行为共同准则,菲律宾_!_2_!_1
6552426676989461006_!_104_!_news_finance_!_重大揭秘！金诚集团总裁徐黎云疑引咎辞职！_!_金诚财富,浙江省,私募基金,金诚集团,金观诚_!_6_!_1
6531637066118201869_!_106_!_news_house_!_贾静雯家温馨佟丽娅家高冷，马苏家高雅，而她家就是个养猫场吧！_!_流浪猫,贾静雯,刘亦菲,佟丽娅,章泽天_!_6_!_1
6550569297586946568_!_106_!_news_house_!_看看，这是哈尔滨工农大街附近二手房房价，你感觉是涨还是降了？_!_哈尔滨工农,卖房,中介机构,小区围墙,二手房房价哈尔滨市道里区工农大街_!_3_!_1
6552160632215437828_!_109_!_news_tech_!_MakerDAO 与 imToken 合作：imToken 2.0 可直接交易稳定币 Dai_!_IDEX,Dai,Relay,DAI,Radar_!_4_!_1
6429868076623200513_!_108_!_news_edu_!_毛坦厂中学与衡水中学谁的升学率高些？_!_专科生,衡水中学,毛坦厂,升学率,清华北大_!_8_!_1
6552329024117408263_!_103_!_news_sports_!_骑士战胜猛龙拿到赛点，詹姆斯此项数据NBA第一，超过乔丹_!_骑士,季后赛,猛龙,詹姆斯,NBA_!_0_!_1
6552467024105177608_!_110_!_news_military_!_F-22+F-35=F-3？日本寻求伙伴研发超级战机对抗歼-20与苏-57战机_!_歼-20,洛克希德·马丁公司,日本防卫省,F-3,F135,F-4,APG-81,F-22,EOTS,F-2,F-35A,F-35,F-22A,第五代战斗机,F-X,EODAS,ATD-X_!_4_!_1
6552498143949226509_!_107_!_news_car_!_被宝马X3逼急了，奔驰刚上市一降就是6万，比Q5还豪华，低至24万_!_奥迪Q3,SUV,速双离合,X3,宝马,奔驰GLA,宝马X3_!_9_!_1
6553570669848691214_!_116_!_news_game_!_斗鱼知名War3主播大盘点：中韩WCG冠军，一个不少！_!_魔兽争霸3,Th000,War3,Moon,WCG,斗鱼_!_0_!_1
6552456643097920004_!_102_!_news_entertainment_!_明星演唱会雷人造型大pk，蔡依林，张惠妹，郑秀文，谁最奇葩？_!_奇葩造型,郑秀文,演唱会,美杜莎,蔡依林_!_7_!_1
6552670683858469379_!_100_!_news_story_!_斗罗大陆：为救唐三，唐昊手握昊天锤大闹武魂殿，比比东在又如何_!_唐昊,小舞,武魂殿,史莱克,比比东_!_0_!_1
6529779432486339079_!_116_!_news_game_!_漂亮的李慧珍：慧珍游戏口误终于让浩宇认出！等这一集很久了~_!_李慧珍,游戏_!_2_!_1
6552253215214141966_!_113_!_news_world_!_涉嫌在驻美使馆卫生间藏摄像头 新西兰前武官受审_!_新西兰驻,艾尔弗雷德,基廷,卫生间,拍摄装置_!_2_!_1
6552284727661822472_!_102_!_news_entertainment_!_《超时空同居》路演 佟丽娅刘昊然“怒怼”雷佳音_!_佟丽娅,苏伦,雷佳音,刘昊然,徐峥,超时空同居_!_4_!_1
6552330527041389064_!_103_!_news_sports_!_还记得解放军《智取华山》吗？勇敢的西安少年来了！_!_攀岩,东方ic,东方IC,解放军,智取华山_!_8_!_1
6552374939297513998_!_104_!_news_finance_!_巴菲特与科技公司的爱恨情仇：对贝索斯和马斯克的态度截然相反_!_太阳能,亚马逊,BNSF,伯克希尔,谷歌,公司债,棱镜,巴菲特,伯克希尔哈撒韦,摩根大通,Geico,特斯拉,马斯克,贝索斯_!_10_!_1
6552236565693727235_!_110_!_news_military_!_中国在南海部署导弹，永兴岛中国在南海的军事中心！_!_南沙群岛,永兴岛,导弹,南海,永暑礁_!_10_!_1
6552412701065216515_!_109_!_news_tech_!_腾讯总裁刘炽平：腾讯每一部分都在追求理想_!_腾讯没有梦想,张一鸣,腾讯,马化腾,刘炽平_!_3_!_1
6492740382785274125_!_106_!_news_house_!_青岛、宁波、厦门，哪个城市更宜居呢？_!_厦门,计划单列市,宁波,青岛,一回合_!_8_!_1
6550768342817309197_!_109_!_news_tech_!_湖畔大学曾鸣——马云“军师”在第一次电视访问中袒露心声_!_曾鸣,企业家,阿里巴巴,创业者,领航者,马云_!_3_!_1
6552448161925825038_!_109_!_news_tech_!_阿里不要清华北大生，马云对学历无要求？看看十大企业薪资排行！_!_毕业生,百度,阿里巴巴,马云,阿里_!_10_!_1
6553084778759848461_!_115_!_news_agriculture_!_天水市秦州区华岐镇举办“花开盛世醉美华岐”首届牡丹文化旅游节_!_天水市秦州区华岐镇,观光农业,首届牡丹文化旅游节,记录者视线,醉美华岐_!_7_!_1
6552437290633789956_!_104_!_news_finance_!_巴菲特说美中关系可以双赢_!_内布拉斯加州,伯克希尔,沃伦·巴菲特,美中关系,奥马哈市_!_5_!_1
6553036833704378883_!_115_!_news_agriculture_!_中国沂源大樱桃电商品牌推介洽谈会暨第十四届沂源大樱桃电商节开幕_!_樱桃节,樱桃,电子商务,沂源,燕崖镇_!_8_!_1
6552492247332422152_!_102_!_news_entertainment_!_周迅卸妆后，杨幂卸妆后，赵薇卸妆后，李小璐卸妆后，这差距！_!_杨幂卸妆,杨幂,赵薇卸妆,李小璐卸妆,李小璐_!_3_!_1
6552618662400885255_!_100_!_news_story_!_西安市鄠邑区：汉朝直臣朱云轶事_!_朱云,左将军,汉朝,张禹,汉书上,汉成帝_!_9_!_1
6552303709940875784_!_107_!_news_car_!_「陕西传媒网」西安机动车达300万辆 专家：道路规划影响拥堵_!_机动车,停车费,公共交通,拥堵费,保有量,机动车保有量,西安市_!_2_!_1
6552321713311318535_!_116_!_news_game_!_王者荣耀：李白让刘邦吃不了兜着走，张良看到这一幕无语！_!_吃不了兜着走,刘邦,张良,李白_!_9_!_1
6553097295758361092_!_116_!_news_game_!_DOTA2-震中杯：昌平第一中单带队的champion之路_!_力挽狂澜,Major,DOTA,LGD,Maybe_!_10_!_1
6553083523127837187_!_115_!_news_agriculture_!_天水市秦州区华岐镇举办“花开盛世醉美华岐”首届牡丹文化旅游节_!_天水市,秦州区华岐镇,观光农业,醉美华岐,首届牡丹文化旅游节_!_3_!_1
6552402661637882376_!_113_!_news_world_!_青海玉树州称多县发生5.3级地震_!_震源深度,中国地震台网,玉树州,青海,称多县_!_0_!_1
6552294896097559054_!_101_!_news_culture_!_艺术家张润萍对话美国艺术家艾伦 Flesher_!_Zhang,Shen,Alan,Pang,艺术家,艾伦_!_4_!_1
6552440318933860872_!_112_!_news_travel_!_五月玫瑰赏花季——成都温江五月玫瑰园_!_成都市,永宁镇,玫瑰园_!_8_!_1
6547484358784057860_!_102_!_news_entertainment_!_一问一答｜王莎莎、许飞、宋佳、付辛博井柏然、邢昭林、一摸整容_!_井柏然,付辛博,宋佳,王莎莎,许飞_!_1_!_1
6552459297987494403_!_103_!_news_sports_!_真的吗？巴萨主教练称：巴萨没人在意皇马是否列队 这有点假吧！_!_巴尔韦德,伊涅斯塔,国家德比,世俱杯,巴萨_!_10_!_1
6552409283466625549_!_106_!_news_house_!_向农村开发！连江浦口松坞村四地块定名江与城花园_!_浦口镇,福州市,厦门建发,连江县,黄岐半岛_!_5_!_1
6552286277855609351_!_110_!_news_military_!_美国最强鹰派访华团刚走，中国就宣布重大消息_!_南海,永暑礁,岛礁,南沙群岛,导弹_!_0_!_1
6552299594816946691_!_104_!_news_finance_!_「亚交所」河南亚太有色金属现货交易场所面向全国火爆招商_!_济源,有色金属,河南亚太有色金属现货交易场所,河南,亚太_!_7_!_1
6552467986827969031_!_102_!_news_entertainment_!_成龙欲探望小龙女因怕被外界知道而告败，发布歌曲写下自己的心声_!_物是人非,吴卓林,成龙,小龙女,吴绮莉_!_4_!_1
6552422768061710851_!_110_!_news_military_!_中国在东南亚推销一款大杀器 这个国家表态购买让新加坡急了_!_AR3,海峡两岸,射程,马来西亚,地对地导弹,AR-3,火箭弹_!_3_!_1
6552788553061892622_!_116_!_news_game_!_绝地求生：韦神口中的超强战队FaZe Clan到底有多可怕_!_FaZe,FPP,战队,PSS,Clan_!_10_!_1
6552241295186723336_!_104_!_news_finance_!_关于中国的投资机会、中美贸易 巴菲特在股东大会上是这样说的_!_特斯拉,中石油,亚马逊,Jain,伯克希尔哈撒韦,美国运通,伯克希尔·哈撒韦,中国石油,巴菲特,护城河,Abel_!_5_!_1
6543027763874365966_!_101_!_news_culture_!_中国男子代表油画作品《少女》竟卖了448万元，网友：美若天仙！_!_民族服饰,吴成伟,少女,惠安女,油画_!_3_!_1
6552295529848504836_!_102_!_news_entertainment_!_郭碧婷出席活动，网友：李晨收手！你就不怕范冰冰宰了你！_!_郭碧婷出席活动,李晨收手,范冰冰,郭碧婷,范冰冰宰_!_1_!_1
6489586021733237005_!_108_!_news_edu_!_除了郑州大学，河南还有哪些大学不错？_!_公立大学,工程学院,河南,校训,医学院_!_6_!_1
6552434377937125892_!_102_!_news_entertainment_!_三生三世痛恨她，一个举动让我爱上她！男人爱她的脸，女人却相反_!_三生三世十里桃花,迪丽热巴,玄女,安悦溪_!_4_!_1
6552387188980449800_!_107_!_news_car_!_奔驰携手北汽新轿跑颜值秒杀奥迪！2.3T自动挡！8月上市迷倒众生！_!_A4L,绅宝,凯美瑞,绅宝D70,平台打造,BJ80,D70,奥迪_!_5_!_1
6552309181364306439_!_103_!_news_sports_!_中超：山东鲁能5连胜过后，还能有6连胜吗？_!_中超,李霄鹏,鲁能,韩鹏,周海滨_!_8_!_1
6552285287676903950_!_102_!_news_entertainment_!_谢娜粉丝过亿获吉尼斯认证 总裁大呼她为“谢大伽”_!_吉尼斯世界纪录,菲律宾,快乐大本营,夏奇拉,谢娜,碧昂丝_!_0_!_1
6553768263505936909_!_116_!_news_game_!_西海岸曝出一些列“大事件”，这些影藏在西海岸的圈钱活动_!_冒险家,阿拉德,DNF,Raid,安徒恩_!_4_!_1
6552419519367741956_!_106_!_news_house_!_恒大、富力、碧桂园、中梁等地产公司相继进入临汾，你会买哪的房_!_恒大地产,碧桂园,中国恒大,临汾,富力地产,凯隆_!_10_!_1
6552288976307225092_!_108_!_news_edu_!_这次不是教育部是党中央！要求教师要强化钢笔字、毛笔字、粉笔字_!_教师,党中央,书法,教育部_!_9_!_1
6552493604521116164_!_112_!_news_travel_!_贵州被《纽约时报》评为“一生必去旅行地”之一_!_岩溶地貌,纽约时报,黄果树瀑布,地无三里平,贵州_!_0_!_1
6552423054977270280_!_113_!_news_world_!_英拉兄妹新加坡会晤为泰党 与家人合影笑容满面_!_他信,新加坡,为泰党,泰国前总理,英拉_!_7_!_1
6553032470063743501_!_115_!_news_agriculture_!_欧司朗收购Fluence Bioengineering公司 打造数字化农业解决方案领导者_!_农业,schema,欧司朗_!_7_!_1
6552475134723097101_!_113_!_news_world_!_以色列已做好一切跨境攻打准备，正在寻求美国支持，叙伊危机来了_!_伊朗,以色列总统,戈兰高地,叙利亚,以色列_!_2_!_1
6451035598374306062_!_101_!_news_culture_!_《西游记》第100回，为什么观音“菩萨”的座次排在唐僧和孙悟空之后呢？_!_观音菩萨,刘涛,观音,西游记,如来佛祖,孙悟空,菩萨_!_3_!_1
6530891944720073230_!_100_!_news_story_!_林州：桂林“好媳妇”光荣榜——张街村王志平_!_好媳妇,王志平_!_4_!_1
6552305008962961928_!_106_!_news_house_!_马鞍山当涂住宅「家天下」在售几号楼？「当涂家天下」限贷吗？_!_当涂,农贸市场,阳光城,吉的堡,马军衣贸市场_!_7_!_1
6552276746224271875_!_104_!_news_finance_!_第18届中日韩财长和央行行长会呼吁反对贸易保护主义_!_贸易保护主义,马尼拉,余蔚平,地缘政治,板门店宣言,菲律宾_!_7_!_1
6552278241778860547_!_103_!_news_sports_!_NBA最新票价排名！勇士队第一，火箭队看了都尴尬_!_常规赛,老鹰队,勇士队,火箭队,美金排名_!_3_!_1
6552295781892620803_!_112_!_news_travel_!_中国最美森林，号称“东方亚马逊”，就在云南，你知道是哪里吗？_!_雨林,见血封喉,勐远仙境,热带雨林,箭毒木_!_5_!_1
6552678274802123268_!_106_!_news_house_!_实拍深圳宝安沙井花园楼盘房「芙景花园」嘉易达地产_!_深圳,宝安_!_6_!_1
6542253875565429251_!_101_!_news_culture_!_中国近代财政经济史研究的里程碑著作｜罗玉东《中国厘金史》_!_罗玉东,光绪会典事例,中国厘金史,碑传集,光绪会计录,罗氏,商务印书馆,东华续录,厘金,中国厘金问题,中国近代厘金制度研究,厘金制度,中国关税及厘金制度,厘金制度新探,历年全国厘金收数,天津条约_!_8_!_1
6495667843722379534_!_101_!_news_culture_!_福建和闽南一带的“沉东京浮福建”这句话是什么意思？_!_漳州府志,南宋,北宋,漳浦县志,沉东京,福建,开封_!_9_!_1
6552329910159933965_!_116_!_news_game_!_英雄联盟：UZI直播时间确定，粉丝疯狂舔屏！UZI女朋友都害羞了_!_uzi,英雄联盟,无冕之王,直播间,UZI_!_5_!_1
6552342686672617997_!_107_!_news_car_!_2018款丰田霸道4000 魅力越野中东版底价_!_丰田,冷藏箱,普拉多,中控台,天津市,丰田霸道4000_!_3_!_1
6552238648769643015_!_103_!_news_sports_!_师傅领进门，修行在个人！广州恒大卡纳瓦罗赛后谨听舒帅教诲_!_舒斯特尔,今天派,卡纳瓦罗,广州恒大,上半场_!_10_!_1
6553042804497449480_!_115_!_news_agriculture_!_安徽合肥大圩镇：“葡萄+体育”领跑致富路_!_大圩镇,马拉松,葡萄,大圩,合肥_!_1_!_1
6552375527871611406_!_106_!_news_house_!_中海绿城华润置地共30强房企对垒杭州亚运村 竞争超出你想象_!_华润集团,绿城,华润置地,宋卫平,开发建设_!_9_!_1
6552480455910752772_!_116_!_news_game_!_Uzi夺冠后直播首秀800万人气，黄金局选出VN上单被单杀全局死8次_!_小狗,德莱文,RNG,Uzi,艾欧尼亚_!_6_!_1
6553036222657200644_!_115_!_news_agriculture_!_绿色广西 生态茶香——第二届中国国际茶博会广西展团组展情况报道_!_广西,横县,凌云白毫茶,六堡茶,茉莉花茶_!_7_!_1
6552284210298618375_!_104_!_news_finance_!_什么时候买茅台才是最好的时机·2018茅台投资指南！_!_酒精度,需貴州茅台酒,HK,約55°規格,瓶酒精度_!_3_!_1
6552190411484430852_!_113_!_news_world_!_“马克思的思想至今都有意义”——德国特里尔举行马克思诞辰200周年纪念活动_!_莱法州,博物馆,卡尔·马克思,共产党宣言,资本论,吴为山,特里尔_!_5_!_1
6552393979797701128_!_104_!_news_finance_!_中国谋划3000亿元半导体新基金，中美关系或再度紧张_!_丁文武,WSJ,中芯国际,美国,半导体_!_3_!_1
6552268519994556935_!_102_!_news_entertainment_!_分手古力娜扎6个月张翰「58字肉麻告白」张钧宁：眼里只有妳_!_粉丝,郑爽,张钧宁,古力娜扎,张翰_!_1_!_1
6552071369759130119_!_108_!_news_edu_!_中国体坛模范夫妻！邹市明冉莹颖微博亲密互动引围观_!_冉莹颖,棒棒棒,邹市明,北京大学,中国体坛_!_6_!_1
6552272380138357256_!_107_!_news_car_!_5月6日09:23，津沧高速驶往沧州方向K47处的事故处理完毕；京哈高速驶往哈尔滨方向K81处的事故仍在处理中_!_高速公路,天津,哈尔滨_!_6_!_1
6552332272631022093_!_115_!_news_agriculture_!_「星农周报」苏宁战略合作得利斯、农业“最强大脑”、步步高社区_!_得利斯,好爸爸,小米,质量兴农倡议书,步步高,娃哈哈_!_3_!_1
6552265234428461575_!_101_!_news_culture_!_“虚实得当，色彩鲜明”一岭南画派高奇峰《柳塘春雨图》赏析_!_岭南画派,高奇峰,广东省,以字行,番禺县,柳塘春雨图_!_7_!_1
6552286914752283139_!_106_!_news_house_!_江夏侨亚国际广场，武汉高档湖景写字楼现房，错过不再有_!_江夏,武汉,写字楼,国际广场,汤逊湖_!_7_!_1
6553569207777231363_!_116_!_news_game_!_李白大招伤害再次被削，苏烈第二条命直接削废，韩信重做登场！_!_苏烈,李白,米莱狄,韩信,体验服_!_2_!_1
6544979542505685517_!_110_!_news_military_!_一北约强国决定投入中国怀抱：港口卖给中国，军工技术随便看_!_和平崛起,超级大国,军工_!_10_!_1
6552382340100784648_!_102_!_news_entertainment_!_小龙女认父未果，港媒曝出此前成龙欲看望女儿，怕被发觉只好作罢_!_倪诗蓓,吴绮莉,成龙,小龙女,吴卓林_!_5_!_1
6553181481013871111_!_115_!_news_agriculture_!_2018年全国农民体协工作现场会江苏阜宁召开_!_农民体育事业,农民体协,农业农村,余欣荣,阜宁县_!_1_!_1
6552306551334371848_!_113_!_news_world_!_特朗普呼吁英国枪支合法化以解决持刀犯罪，英民众谴责_!_特朗普,合法化,枪支,英国,持刀犯罪_!_3_!_1
6552445257097675272_!_112_!_news_travel_!_这个五一别去九寨沟了，京山就有一个诗情画意的“小九寨沟”！_!_九寨沟,美人谷,京山_!_10_!_1
6552293283555443214_!_113_!_news_world_!_推翻奥巴马减排目标，特朗普讨好美国车企为哪般？_!_特朗普,文德恩,路透社,美国车企,奥巴马_!_10_!_1
6521578750063149576_!_101_!_news_culture_!_齐白石嫡孙女齐丽霞的画作深得齐派精髓，令人赞叹！_!_虾戏图,国画,齐白石,白石老人,齐丽霞,嫡孙女_!_10_!_1
6552496353249853955_!_109_!_news_tech_!_广州拿地，样车杀进中国海关，贾跃亭的FF要绝地大反击了？_!_特斯拉,许家印,FF,偶遇贾跃亭,中国海关,汽车商业评论,贾跃亭_!_10_!_1
6552377428650492430_!_103_!_news_sports_!_中超：山东鲁能登顶遇阻！平人和！贵州恒丰惨败！1-5天津泰达！_!_天津泰达,惠家康,贵州恒丰,塔尔德利,北京人和_!_9_!_1
6551378556381823496_!_100_!_news_story_!_武松能打死老虎，可为何打狗时却洋相百出？金圣叹说：武松是天人_!_武松打虎,打虎,宋江,水浒传,金圣叹,武松_!_2_!_1
6552336290191245838_!_107_!_news_car_!_阿蛮评车：“吉沃配”生二胎 跨界SUV领克02还有什么新花样？_!_速双离合,领克01,XC40,马自达,CX-4,沃尔沃,克02,CX-5,双离合变速箱_!_10_!_1
6553412723357516292_!_116_!_news_game_!_LPL野王宣布回归韩国！下一艘银河战舰即将起飞？_!_KaKao,LSPL,LCK,战队,Rookie_!_2_!_1
6552323120307372548_!_103_!_news_sports_!_DOTA2震中杯LGD完胜Liquid 赛后评论：LGD是才是欧洲最后的希望_!_Liquid,NewBee,FTM,震中杯,LGD_!_5_!_1
6552402989972193800_!_103_!_news_sports_!_胡兆军任意球致胜，上海申鑫1球憾负大连超越_!_中国足球甲级联赛,皮球,顾斌,上海申鑫,胡兆军_!_0_!_1
6523942106833093134_!_101_!_news_culture_!_项羽重瞳、司马懿鹰视狼顾，中国古代历史上天生异相的名人们_!_重瞳,南北朝时期,司马懿,阴阳眼,狼顾之相_!_9_!_1
6552481988308107779_!_103_!_news_sports_!_中超积分射手榜：上港鲁能领跑国安进前三，武磊11球独霸射手榜_!_国安,曼萨诺,本轮,亚泰,鲁能_!_2_!_1
6553046201241960973_!_109_!_news_tech_!_美国CNN推出报道：贵州，成功之路_!_大数据,贵州,GUIZHOU : CHINA ’ SFINESTTHEBIGDATAVALLEYOFCHINA,CNN,GUIZHOU,北盘江大桥_!_1_!_1
6552479994176602628_!_116_!_news_game_!_慕容小白《王者荣耀》王昭君排位最怕遇到的几个英雄？_!_安琪拉,小乔,诸葛亮,王昭君_!_3_!_1
6520157116831891716_!_106_!_news_house_!_如何评价贵阳“大盘”花果园的物业管理？_!_物业,产权证,住宅区,花果园,金融街_!_9_!_1
6552229863749583363_!_107_!_news_car_!_对话余波丨继G01在华首秀后，斯威将差异化突围战略进行到底_!_SWM斯威汽车,侃车e族,SUV市场,北京车展,余波,品牌定位_!_1_!_1
6552355550212915726_!_102_!_news_entertainment_!_谢娜复出即获两项“吉尼斯世界纪录”，女神吉尼斯与粉丝难舍关系_!_快乐大本营,Justin,太阳女神,Katy Perry,谢娜_!_8_!_1
6552459262629511688_!_112_!_news_travel_!_太原蒙山景区“乱象丛生”，直接被央视曝光了！你遇到过么_!_开化寺,蒙山大佛,央视网,标识牌,蒙山晓月_!_1_!_1
6552358043793752584_!_108_!_news_edu_!_注意啦，南昌红谷滩新区公开招聘中小学、幼儿教师306名_!_小学教师,红谷滩新区,幼儿教师,南昌,学科专业知识_!_3_!_1
6552488934088114695_!_104_!_news_finance_!_中国银行在巴基斯坦启动人民币清算结算业务_!_中国银行,中国银行卡拉奇,人民币清算结算业务,巴基斯坦,中国银行卡拉奇分行_!_6_!_1
6552382765818446343_!_108_!_news_edu_!_蚌埠家长呼吁：历史开卷，取消月考，市教育局作出回应_!_教育局,月考,开卷考试,开卷,蚌埠市_!_9_!_1
6550788045702955524_!_106_!_news_house_!_谁才是中国豪宅之王？北京四合院，上海老洋房，深圳海景房_!_总裁,豪宅,中国10大超级豪宅,深圳湾,老洋房,上海滩_!_5_!_1
6552317622828925454_!_106_!_news_house_!_成都摇号选房·万科理想城——郫县地铁刚需大盘再临，不容错过_!_成都,㎡ 3,卫户型,郫县,万科_!_4_!_1
6553013541547278862_!_115_!_news_agriculture_!_三聚环保：秸秆利用项目在黑龙江富锦开工奠基_!_土壤改良剂,三聚环保,富锦市,富锦,生物质_!_0_!_1
6553055391956075021_!_109_!_news_tech_!_日本向中国提供半导体技术，是帮助中国对抗“科技战”还是其他？_!_智能手机,ARM控股,本土化,CPU,半导体_!_7_!_1
6552413112501273101_!_101_!_news_culture_!_舒同墓，毛主席称其“党内一支笔”，经历人生大起大落，葬八宝山_!_舒体,舒同,毛主席,书法家,舒同墓_!_2_!_1
6552224631913185796_!_112_!_news_travel_!_倒计时25天！襄阳93.8公里一级路标准的西三环线即将开建_!_宜城,207国道,黄集镇,襄阳,牛首镇_!_10_!_1
6552271272267481608_!_116_!_news_game_!_好评RPG游戏《去月球》将拍动画电影 中日合拍_!_动画电影,Metacritic,去月球,Gamespot,Steam,RPG游戏_!_5_!_1
6552369243218772493_!_103_!_news_sports_!_昆仑决世界极限格斗大赛73，一龙弟子“浪子”宋少秋惜败昆仑决_!_恩里克,宋少秋,昆仑决,武林风,极限格斗_!_1_!_1
6552415930511524366_!_112_!_news_travel_!_初夏来临，巢湖的卧牛山公园又美了几分！_!_卧牛山,巢湖,石狮子,卧牛山公园_!_2_!_1
6498866353791844622_!_101_!_news_culture_!_四川铜币，中华民国三年军政府造，值多少钱？_!_铜圆,铸造,赵尔丰,造币厂,铜币_!_8_!_1
6552425549296304643_!_113_!_news_world_!_联合国几乎全票通过一个决议，遭中方否决，美英法：干的漂亮！_!_核武器,联合国,中方,常任理事国,核武器条约_!_8_!_1
6552267310592164355_!_110_!_news_military_!_澳媒：为应对中国崛起 美海军将加入澳舰队巡航_!_印度洋-太平洋奋进2018,太平洋,环太平洋,澳大利亚,所罗门群岛_!_9_!_1
6553658594477212164_!_116_!_news_game_!_RNG众将凌晨搭乘班机飞往欧洲，狗嫂为Uzi整理的行李亮了_!_RNG,Uzi,MSI,ADC,LPL_!_8_!_1
6552393006530429453_!_115_!_news_agriculture_!_广西灵山县陆屋“超达柑桔种植合作社”成为核心示范区！_!_种植合作社,超达柑桔种植,合作社,柑桔,微生物_!_6_!_1
6552400267738874381_!_101_!_news_culture_!_菏泽百寿古牌坊近距离触摸，感四皇子为一个女人写的诗！_!_曲阜,孔氏,菏泽,衍圣公,朱家_!_2_!_1
6552373892822860291_!_102_!_news_entertainment_!_当红女星待播剧，郑爽、唐嫣、赵丽颖强势霸屏，杨幂最让人期待！_!_知否知否应是绿肥红瘦,逆流成河,唐嫣,扶摇皇后,赵丽颖,糖糖,杨幂_!_8_!_1
6553592336251617795_!_116_!_news_game_!_天龙八部手游：峨嵋清心普善咒获大幅加强清心普善咒真武指点介绍_!_清心普善咒,峨嵋,丁春秋,少侠,叶二娘_!_2_!_1
6475222644722499854_!_108_!_news_edu_!_湖南大学和兰州大学哪个更强？_!_国家重点学科,中华人民共和国教育部,国立湖南大学,兰州大学,985工程_!_3_!_1
6553775028977009159_!_116_!_news_game_!_英雄联盟：为了挽回老玩家，拳头公司据决定，经典版LOL即将回归！_!_LOL,游戏,英雄联盟,易水寒,拳头公司_!_8_!_1
6552295568104751620_!_108_!_news_edu_!_“第十三届中华全国日语演讲比赛”东北赛区预赛在吉大举行_!_日语,吉林大学,演讲,中国教育国际交流协会,教学研究_!_6_!_1
6510729767799488772_!_109_!_news_tech_!_安徽芜湖无人超市怎么样？_!_芜湖,希尔顿酒店,无人超市,弋江区,芜湖市_!_3_!_1
6552447700812431876_!_110_!_news_military_!_中国四代歼击机将成隐形机，俄媒分析中国超材料_!_战斗机,超材料,歼击机,无线电波,雷达反射面_!_9_!_1
6524394207354814989_!_108_!_news_edu_!_大学英语六级未必听得懂小猪佩奇，小猪佩奇让中国英语学习者蒙羞_!_小猪佩奇,Pig,Cartoon,英语六级,Bay_!_3_!_1
6552369506822390286_!_107_!_news_car_!_新款宾利飞驰纽博格林测试谍照 或于2019年亮相_!_欧陆GT,W12,宾利,宾利飞驰,纽博格林,大众集团,欧陆_!_6_!_1
6552444517297947140_!_107_!_news_car_!_贵阳首个“GoFun社区”落户万科广场，小河也有共享汽车了_!_绿色花圃,万科,贵阳,GoFun出行,GoFun共享汽车_!_4_!_1
6471883474021122318_!_108_!_news_edu_!_英国首次完全照翻中国数学教材，你能想象一下英国学生什么反应吗？_!_数学,乘法口诀,教材,真实上海数学,英国,数学教学_!_9_!_1
6552355401982018052_!_102_!_news_entertainment_!_男星本周上脚，欠你们的王嘉尔这次没有打我，任嘉伦，吴亦凡也来_!_Vans,CONVERSE,王嘉尔,YEEZY Desert Rat 500,JAPAN_!_8_!_1
6552460426146218504_!_103_!_news_sports_!_预备队丨石家庄永昌2：0战胜北京北控燕京_!_北京北控燕京,魏敬宗,永昌队,足球队,预备队_!_8_!_1
6553072539420066308_!_109_!_news_tech_!_支付宝稳坐支付宝宝座十四年，央行：一招就让马云回到解放前！_!_放到余额宝,支付宝,钱放到,余额宝,马云_!_9_!_1
6550906969157272067_!_104_!_news_finance_!_社保基金一季度持仓：新进109股，京东方A等被大举增持_!_康得新,爱尔眼科,Wind,中金岭南,国电电力,中国铝业,紫金矿业,利亚德,增持,减持,金风科技,社保基金,海螺水泥,个股_!_6_!_1
6552238624824361485_!_102_!_news_entertainment_!_跑男打蛋壳环节，陈赫针对郑恺太明显了吧，鹿晗都忍不住帮忙圆场_!_鸡蛋壳,陈赫,郑恺,跑男,拳击手_!_10_!_1
6552284776114422280_!_108_!_news_edu_!_杭州民办初中自主招生 新增的学能测评成焦点 连小猪佩奇都现身了！_!_阅读理解,理解能力,小猪佩奇,广播操,草房子,自主招生_!_4_!_1
6552458394618298883_!_112_!_news_travel_!_麦积区甘泉镇琥珀山庄开业迎客_!_麦积山,甘泉镇,秦州志·地理志,天水,秦亭山,白石村_!_10_!_1
6496877399399989518_!_109_!_news_tech_!_吉利收购沃尔沃后，到底有没有使用沃尔沃的技术？_!_收购沃尔沃,吉利汽车,李书福,上汽集团,福特集团,知识产权_!_10_!_1
6464055679471583502_!_106_!_news_house_!_在重庆买房考虑北碚还是蔡家？_!_买房,城市规划,蔡家,北碚_!_3_!_1
6552457468079768077_!_103_!_news_sports_!_“大梦”奥拉朱旺亲自指导周琦，网友戏称：小猪佩奇组合_!_奥拉朱旺,火箭队,爵士队,NBA,周琦_!_2_!_1
6552317622845702669_!_106_!_news_house_!_成都摇号选房·万科理想城——郫县地铁人气盘2个月小涨几百元_!_卫户型,郫县,万科,成都,㎡ 3_!_3_!_1
6552395597788217870_!_110_!_news_military_!_美媒：空警-600能发现F-22，中国下一代空防体系建设不逊色于美国_!_F-35,歼-20,运-20,战斗机,AESA,预警机,F-22_!_0_!_1
6552822965715599880_!_109_!_news_tech_!_罗永浩王自如火药味再起！罗永浩艾特小米雷军并不简单_!_小米,罗永浩,ZEALER,王自如,雷军_!_3_!_1
6552314385220502024_!_102_!_news_entertainment_!_胡歌抬头纹，彭于晏抬头纹，张翰抬头纹，最后一位让人大跌眼镜！_!_奔跑吧兄弟,彭于晏,海魂衫,抬头纹,胡歌,张翰_!_7_!_1
6552400724368556558_!_113_!_news_world_!_英外交大臣启程赴美 劝特朗普勿“毁”伊核协议_!_英国外交大臣,特朗普,特蕾莎,伊朗,鲍里斯_!_2_!_1
6552371024447406605_!_106_!_news_house_!_龙华清湖双地铁口「星月传奇」，大两房70.8平 65.8万，首付3成_!_两房,物业,地铁口,️ ⃣_!_3_!_1
6552327916313641480_!_102_!_news_entertainment_!_范冰冰的美跨越了国界，李晨该着急了吧？_!_李晨,琼瑶剧,赵薇,女明星,范冰冰_!_3_!_1
6552270200174019075_!_110_!_news_military_!_反卫星武器到底哪个国家的最厉害？中国一马当先，美俄华而不实_!_反卫星武器,卫星,地空导弹,近地轨道,导弹_!_6_!_1
6517889138576851470_!_101_!_news_culture_!_北京故宫博物院精品——明嘉靖濮阳澄（濮澄）竹雕松树形小壶_!_金陵派竹雕,陶庵梦忆,紫禁城,嘉靖◎通高一二·,浅浮雕,朱家溍,岁寒三友,太平府志_!_6_!_1
6553211580585083406_!_116_!_news_game_!_王者荣耀cos正片：游园惊梦甄姬_!_游园惊梦,甄姬_!_3_!_1
6552466727995703815_!_103_!_news_sports_!_昔日中超金靴半场独造6球虐爆辽足 华夏送走他后悔吗？_!_阿洛,阿洛伊西奥,华夏幸福,埃尔纳内斯,穆里奇_!_5_!_1
6553164427544232455_!_115_!_news_agriculture_!_勉县老道寺镇张家湾村：“三变”改革实现村集体收入零突破_!_合作社,张家湾村,老道寺镇,勉县,贫困户_!_1_!_1
6552381738230743560_!_101_!_news_culture_!_马克思玄外孙女参加马克思故居博物馆重开仪式_!_特里尔,故居博物馆,马克思故居博物馆,卡尔·马克思,共产党宣言,扶手椅_!_5_!_1
6552379691817239044_!_107_!_news_car_!_都说丰田汉兰达是好车，那它为何卖不过福特锐界？_!_汉兰达,福特锐界,SUV,福特,丰田汉兰达,锐界,H7L,二手车,GS8_!_10_!_1
6552273573241684483_!_110_!_news_military_!_世界高超音速武器哪家强？中俄领先 美国已落伍_!_激光武器,高超音速武器,歼击机,俄罗斯,雪上摩托车_!_1_!_1
6478268962680340749_!_108_!_news_edu_!_南开大学和四川大学哪个更好？_!_四川大学,语言文学,川大,南开,南开大学_!_3_!_1
6552453078690300423_!_108_!_news_edu_!_西安工程大学9人获批2017年陕西省三个高层次人才项目_!_陕西省,人才项目,千人计划,中共陕西省委,特支计划_!_8_!_1
6552334864228549133_!_107_!_news_car_!_四驱、插混、纯电、自动驾驶，一岁多的WEY在京大展“芳华”_!_巴博斯,电容器,WEY,RS7,速双离合_!_1_!_1
6552860494795915784_!_109_!_news_tech_!_马云：阿里不愿招清华北大毕业生？！_!_荣誉博士学位,北大清华,以色列,阿里巴巴,马云_!_2_!_1
6552330502806700558_!_107_!_news_car_!_五菱宏光也得致敬，三菱品牌最强面包车，50周年了！_!_PHEV,Pajero,Wagon,三菱,欧蓝德,Delica,汽油引擎,得利卡,普瑞维亚,Cross,四轮驱动_!_10_!_1
6494032981965930766_!_108_!_news_edu_!_华东石油大学为什么从东营搬走？_!_东营,高水平,石油大学_!_6_!_1
6508922238446600451_!_108_!_news_edu_!_厦门大学和武汉大学哪个大学更好？_!_厦门大学,学科,985工程,厦大,武汉大学_!_3_!_1
6552294627355918861_!_113_!_news_world_!_阿巴斯为涉反犹太言论致歉 以色列不接受道歉_!_巴勒斯坦,阿巴斯,犹太人,以色列,耶路撒冷_!_0_!_1
6553207850724770312_!_115_!_news_agriculture_!_提起他大家都竖起大拇指看旬阳小河镇贫困户闫清元_!_小河镇,张家沟村,刘家菊,闫清元,黄姜_!_4_!_1
6553131222447424014_!_115_!_news_agriculture_!_山西临猗县人民政府关于针对“临猗苹果滞销”不当营销方式的声明_!_临猗苹果,整体品牌形象,以偏概全,运城,悲情牌_!_7_!_1
6552420025939001869_!_109_!_news_tech_!_腾讯携手中国联通放大招：腾讯王卡要推出国际版了！多个国家通用_!_中国联通,腾讯王卡,国际版,流量,腾讯_!_3_!_1
6552259698706350600_!_110_!_news_military_!_遏制俄罗斯海上力量扩张 美国海军重建第二舰队_!_北大西洋公约组织,诺福克,舰队,大西洋,司令部_!_9_!_1
6552329340124660231_!_107_!_news_car_!_1米8大汉可入第三排！宝马X7试驾：路虎/奔驰GLS劲敌_!_宝马X7,Roadshow,雷克萨斯,SUV,宝马,X5_!_9_!_1
6552360646996918788_!_113_!_news_world_!_英国发现可能属于罗马教皇圣克莱门特一世的圣骨_!_拿破仑,圣克莱门特一世,基督教徒,罗马教皇,东正教_!_10_!_1
6553135703562125837_!_109_!_news_tech_!_专访威马汽车创始人沈晖：我们要做智能电动汽车普及者_!_汽车行业,电动汽车,汽车市场,工厂,威马汽车,上汽通用,沃尔沃,沈晖,Model 3,奇瑞汽车,Model_!_4_!_1
6521215614860657160_!_110_!_news_military_!_中国制造又出名了，美国 英国 俄罗斯排着队来学！学的会吗？_!_英国,俄罗斯,美国_!_1_!_1
6552436121341526535_!_112_!_news_travel_!_古都洛阳处处美景，洛阳新区凌波湖畔日出日落壮丽风景_!_健康步道,体育场,古都,洛阳新区,日出日落_!_5_!_1
6552149101696254472_!_109_!_news_tech_!_雷军终于出手，香港小米之家月租百万元，霸气侧漏！_!_雷军,OPPO,线下渠道,小米,经销商_!_7_!_1
6552459081599156750_!_102_!_news_entertainment_!_寡妇斯嘉丽与安吉丽娜朱莉，永久的仙女王祖贤，还是小倩更胜一筹_!_斯嘉丽·约翰逊,东方IC,沉睡魔咒,杜莎夫人蜡像馆,斯嘉丽-约翰逊,王祖贤_!_2_!_1
6552096385116668419_!_110_!_news_military_!_美国海军重建第二舰队 称为遏制俄罗斯海上力量扩张_!_北大西洋公约组织,舰队,2018美国国防战略报告,海军,俄罗斯,北大西洋_!_2_!_1
6552392370715886087_!_108_!_news_edu_!_和藤校优等生面对面，不出烟台体验纯正藤校课堂_!_普林斯顿大学,烟台,布朗大学,宾夕法尼亚大学,哥伦比亚大学_!_0_!_1
6524077706617815559_!_100_!_news_story_!_河北涞水娄村庞家河村，一条小河静静地流淌_!_小河,拒马河,二姐家,白杨林,幸福庄_!_2_!_1
6491045467281948941_!_106_!_news_house_!_成都，重庆，昆明与贵阳哪里买房养老好？_!_户外活动,昆明,火把节,房价,过桥米线_!_4_!_1
6552268316226880007_!_109_!_news_tech_!_华为在十多个国家5G测试，基站规模世界第一，比日韩两国之和还多_!_基站,华为,诺基亚,日韩,爱立信_!_3_!_1
6552917997525139982_!_106_!_news_house_!_最高补贴1000万 粤港澳大湾区求贤若渴_!_湾区,城市发展,珠海市人才引进核准办法,珠海,粤港澳,人才_!_7_!_1
6552378422885089800_!_107_!_news_car_!_最像捷豹林肯出炉，2.0T+6AT仅售24万，传统豪强BBA该如何迎战？_!_林肯,林肯MKZ,雷克萨斯,BBA,豪华车,捷豹_!_7_!_1
6552437692246786564_!_102_!_news_entertainment_!_忽而今夏：葳蕤对章远渐生情愫，何洛吃醋不已，后章远深情表白她_!_何洛,忽而今夏,撒狗粮,章远,漫画店_!_6_!_1
6552458303236997646_!_103_!_news_sports_!_世乒赛，中国女团夺冠赛后发布会，丁宁开心笑趴，刘诗雯面无表情_!_丁宁,决赛赛后新闻发布会,瑞典世乒赛女团决赛赛后,日本队,刘诗雯_!_7_!_1
6552293795822567940_!_101_!_news_culture_!_重庆南山黄桷古道随拍二_!_篆刻,青石板路,黄桷古道_!_7_!_1
6439210298212614413_!_109_!_news_tech_!_网络电视盒能看港澳台电视直播吗？_!_直播,海外剧场,网络电视盒,网络机顶盒,当贝市场_!_1_!_1
6552308790715220493_!_104_!_news_finance_!_超级婚嫁时代来临，婚趴集团董事长王伟告你什么是未来新婚庆模式_!_婚嫁行业,婚庆公司,创业者,婚趴馆,热爱婚礼行业,专业人才_!_5_!_1
6525963353322422792_!_101_!_news_culture_!_杨贵妃给安禄山洗澡，李隆基没意见？原来这是唐代风俗_!_资治通鉴,安禄山,唐朝,李隆基,杨贵妃,干儿子_!_9_!_1
6552071369847210510_!_108_!_news_edu_!_冉莹颖受邀参加北大120周年校庆，邹市明：你是我身边的战友_!_邹市明,北京大学,冉莹颖_!_7_!_1
6552789371488043524_!_107_!_news_car_!_世界最拥堵的五大城市，中国仅一城上榜！北京上海无缘榜单！_!_莫斯科,亚洲四小龙,堵车,伊斯坦布尔,土耳其_!_8_!_1
6552360871606092302_!_102_!_news_entertainment_!_蔡徐坤强势担任队长，范丞丞全程傻笑，陈立农的腿成为最大亮点！_!_范丞丞,蔡徐坤,陈立农_!_3_!_1
6552357761043137028_!_110_!_news_military_!_美军驻叙部队准备行动，俄一支摩步团火速集结，美称已做最坏打算_!_TOS-1,T-90A,美军,五角大楼,叙利亚,武装冲突,库尔德武装,BTR-80_!_10_!_1
6449558865661919502_!_109_!_news_tech_!_华为、小米、viov、oppo、魅族、360，在千元机中哪个品牌的质量最好？_!_小米,联发科,千元机,魅族,华为_!_9_!_1
6471069910666576142_!_108_!_news_edu_!_香港大学、清华大学和北京大学，哪个更好呢？_!_社会科学,清华,医学院,世界第一,北大_!_9_!_1
6552136321777795587_!_112_!_news_travel_!_问祖炎帝，寻根高平！海峡两岸炎帝故里民间拜祖将在高平举行！_!_高平市,炎帝,炎帝颂,拜祖文,海峡两岸,海峡两岸神农炎帝文化,神农炎帝_!_9_!_1
6552456504383898120_!_112_!_news_travel_!_中国唯一的俄罗斯民族乡，归属于内蒙古，却住着30%俄罗斯族人_!_小镇,俄罗斯族,额尔古纳河,俄罗斯,大兴安岭_!_2_!_1
6552370042753778183_!_107_!_news_car_!_谢国和：湖南车展是湖南汽车市场的风向标_!_汽车厂商,湖南车展,2018湖南车展,经销商,湖南_!_9_!_1
6552332258999534084_!_110_!_news_military_!_看完美国评价中国解放军，再看看日本评价中国解放军 国人怒了_!_美国,中国军人,评中国解放军,中国解放军,独生子女政策_!_1_!_1
